"Project name","Task name","Date","Start time","End time","Duration","Time zone","Project archived","Task completed"
"Math",,"2025-01-16","20:30:47","20:30:56","00:00:09","+02:00","false",
"Math","Calc","2025-01-16","20:38:18","20:41:54","00:03:36","+02:00","false","false"
"Math","Calc","2025-01-16","20:49:30","20:50:13","00:00:43","+02:00","false","false"
"Math","Calc","2025-01-16","20:50:15","21:22:03","00:31:48","+02:00","false","false"
"Math","Calc","2025-01-16","21:22:11","21:22:13","00:00:02","+02:00","false","false"
"Math","Calc","2025-01-16","21:22:16","21:22:24","00:00:08","+02:00","false","false"
"Math","Calc","2025-01-16","21:22:28","21:22:30","00:00:02","+02:00","false","false"
"Math","Calc","2025-01-16","21:22:35","21:22:35","00:00:00","+02:00","false","false"
"Math","Calc","2025-01-16","21:22:37","21:22:38","00:00:01","+02:00","false","false"
"Math","Calc","2025-01-16","21:22:39","21:22:41","00:00:02","+02:00","false","false"
"Math","Calc","2025-01-16","21:22:52","21:38:22","00:15:30","+02:00","false","false"
"Math","Calc","2025-01-17","08:57:14","10:00:40","01:03:26","+02:00","false","false"
"Work",,"2025-01-17","10:00:51","10:00:52","00:00:01","+02:00","false",
"Work","Meeting","2025-01-17","10:00:57","10:49:06","00:48:09","+02:00","false","false"
"Work",,"2025-01-17","11:41:15","12:53:58","01:12:43","+02:00","false",
"Math","Calc","2025-01-17","14:07:48","14:20:49","00:13:01","+02:00","false","false"
"Math","Calc","2025-01-17","14:20:51","15:32:00","01:11:09","+02:00","false","false"
"Math","Calc","2025-01-17","15:32:17","16:41:50","01:09:33","+02:00","false","false"
"Math","Calc","2025-01-17","16:57:27","17:45:03","00:47:36","+02:00","false","false"
"Math","Calc","2025-01-17","18:21:36","19:03:39","00:42:03","+02:00","false","false"
"Math","Calc","2025-01-18","10:18:36","11:56:28","01:37:52","+02:00","false","false"
"Math","Calc","2025-01-18","12:50:12","13:25:19","00:35:07","+02:00","false","false"
"Math","Calc","2025-01-18","17:26:20","17:41:32","00:15:12","+02:00","false","false"
"Math","Calc","2025-01-18","17:41:40","19:11:17","01:29:37","+02:00","false","false"
"Math","Calc","2025-01-18","21:02:18","21:54:45","00:52:27","+02:00","false","false"
"Math","Calc","2025-01-19","08:21:50","10:34:07","02:12:17","+02:00","false","false"
"Math","Calc","2025-01-19","11:33:29","13:02:45","01:29:16","+02:00","false","false"
"Math","Calc","2025-01-19","13:13:25","13:22:33","00:09:08","+02:00","false","false"
"Math","Calc","2025-01-19","14:48:12","15:36:28","00:48:16","+02:00","false","false"
"Math","Calc","2025-01-19","16:55:03","18:36:09","01:41:06","+02:00","false","false"
"Math","Calc","2025-01-19","20:50:39","21:19:28","00:28:49","+02:00","false","false"
"Math","Calc","2025-01-20","09:10:05","10:46:30","01:36:25","+02:00","false","false"
"General CS",,"2025-01-20","16:38:32","17:38:23","00:59:51","+02:00","false",
"Finance",,"2025-01-20","18:44:55","18:45:05","00:00:10","+02:00","false",
"Programming",,"2025-01-20","18:45:08","20:27:33","01:42:25","+02:00","false",
"Programming",,"2025-01-20","20:54:51","21:00:35","00:05:44","+02:00","false",
"Work",,"2025-01-21","08:47:10","08:56:03","00:08:53","+02:00","false",
"Programming",,"2025-01-21","08:56:05","09:18:02","00:21:57","+02:00","false",
"General CS",,"2025-01-21","13:22:02","14:16:30","00:54:28","+02:00","false",
"Math","Calc","2025-01-21","16:05:33","16:05:37","00:00:04","+02:00","false","false"
"Math","Linear Algebra","2025-01-21","16:05:54","17:39:35","01:33:41","+02:00","false","false"
"Work",,"2025-01-21","20:14:01","21:22:53","01:08:52","+02:00","false",
"Work",,"2025-01-21","21:41:13","22:24:24","00:43:11","+02:00","false",
"Work",,"2025-01-22","10:06:24","10:40:49","00:34:25","+02:00","false",
"Work",,"2025-01-22","10:44:13","12:40:50","01:56:37","+02:00","false",
"Math","Linear Algebra","2025-01-22","13:40:08","14:51:29","01:11:21","+02:00","false","false"
"Math","Linear Algebra","2025-01-22","14:54:29","16:46:26","01:51:57","+02:00","false","false"
"Math","Linear Algebra","2025-01-22","16:49:25","16:59:33","00:10:08","+02:00","false","false"
"Math","Linear Algebra","2025-01-22","17:02:15","19:40:06","02:37:51","+02:00","false","false"
"Math","Linear Algebra","2025-01-22","19:40:08","19:40:09","00:00:01","+02:00","false","false"
"Math","Linear Algebra","2025-01-22","20:31:18","21:23:26","00:52:08","+02:00","false","false"
"Math","Linear Algebra","2025-01-22","21:29:37","22:13:09","00:43:32","+02:00","false","false"
"General CS",,"2025-01-23","08:22:51","09:50:26","01:27:35","+02:00","false",
"Work",,"2025-01-23","09:50:27","11:19:43","01:29:16","+02:00","false",
"Math","Linear Algebra","2025-01-23","12:57:45","14:13:10","01:15:25","+02:00","false","false"
"Math","Linear Algebra","2025-01-23","14:26:10","14:50:06","00:23:56","+02:00","false","false"
"General CS",,"2025-01-23","17:10:50","19:24:17","02:13:27","+02:00","false",
"General CS",,"2025-01-23","19:26:50","20:20:22","00:53:32","+02:00","false",
"Work",,"2025-01-24","09:27:48","11:02:09","01:34:21","+02:00","false",
"General CS",,"2025-01-24","11:34:58","11:35:07","00:00:09","+02:00","false",
"Machine Learning",,"2025-01-24","11:35:22","11:44:51","00:09:29","+02:00","false",
"Machine Learning",,"2025-01-24","11:51:36","11:52:22","00:00:46","+02:00","false",
"Machine Learning",,"2025-01-24","11:54:25","12:21:56","00:27:31","+02:00","false",
"Machine Learning",,"2025-01-24","12:27:58","12:29:44","00:01:46","+02:00","false",
"Machine Learning",,"2025-01-24","12:32:24","13:09:45","00:37:21","+02:00","false",
"Machine Learning",,"2025-01-24","13:10:52","14:17:47","01:06:55","+02:00","false",
"Machine Learning",,"2025-01-24","15:46:11","16:10:28","00:24:17","+02:00","false",
"Math","Linear Algebra","2025-01-24","16:16:46","16:16:48","00:00:02","+02:00","false","false"
"Machine Learning",,"2025-01-24","16:16:49","16:49:37","00:32:48","+02:00","false",
"Machine Learning",,"2025-01-24","18:30:11","18:33:16","00:03:05","+02:00","false",
"Machine Learning",,"2025-01-24","18:34:16","18:43:44","00:09:28","+02:00","false",
"Machine Learning",,"2025-01-24","18:46:11","20:20:15","01:34:04","+02:00","false",
"Machine Learning",,"2025-01-24","20:20:43","20:27:14","00:06:31","+02:00","false",
"Machine Learning",,"2025-01-25","10:43:56","11:10:05","00:26:09","+02:00","false",
"Math","Calc","2025-01-25","11:10:12","11:40:54","00:30:42","+02:00","false","false"
"Math","Calc","2025-01-25","11:44:03","12:06:11","00:22:08","+02:00","false","false"
"Machine Learning",,"2025-01-26","08:59:34","09:02:34","00:03:00","+02:00","false",
"Machine Learning",,"2025-01-26","09:02:35","09:02:36","00:00:01","+02:00","false",
"Math","Calc","2025-01-26","09:02:37","10:28:58","01:26:21","+02:00","false","false"
"Math","Calc","2025-01-26","10:44:08","10:44:16","00:00:08","+02:00","false","false"
"Machine Learning",,"2025-01-26","10:44:24","11:03:31","00:19:07","+02:00","false",
"Machine Learning",,"2025-01-26","11:21:04","11:27:55","00:06:51","+02:00","false",
"Machine Learning",,"2025-01-26","11:34:17","13:22:05","01:47:48","+02:00","false",
"Machine Learning",,"2025-01-26","13:29:33","14:57:39","01:28:06","+02:00","false",
"Machine Learning",,"2025-01-26","15:36:41","15:46:30","00:09:49","+02:00","false",
"Work",,"2025-01-26","15:46:30","17:32:50","01:46:20","+02:00","false",
"Work",,"2025-01-26","17:47:44","17:49:43","00:01:59","+02:00","false",
"Machine Learning",,"2025-01-26","18:11:44","19:12:43","01:00:59","+02:00","false",
"Math","Probability","2025-01-26","19:12:54","20:13:06","01:00:12","+02:00","false","false"
"Math","Probability","2025-01-26","20:31:09","21:11:57","00:40:48","+02:00","false","false"
"Math","Probability","2025-01-27","08:32:24","08:53:30","00:21:06","+02:00","false","false"
"Math","Probability","2025-01-27","09:01:54","09:22:01","00:20:07","+02:00","false","false"
"General CS",,"2025-01-27","09:58:02","10:33:19","00:35:17","+02:00","false",
"Math","Probability","2025-01-27","10:49:41","10:57:42","00:08:01","+02:00","false","false"
"Math","Probability","2025-01-27","11:10:57","11:10:57","00:00:00","+02:00","false","false"
"Math","Probability","2025-01-27","11:10:59","11:16:00","00:05:01","+02:00","false","false"
"Math","Probability","2025-01-27","13:13:56","15:24:29","02:10:33","+02:00","false","false"
"Finance",,"2025-01-27","15:41:53","15:49:00","00:07:07","+02:00","false",
"Math","Probability","2025-01-27","15:49:02","15:49:36","00:00:34","+02:00","false","false"
"Math","Probability","2025-01-27","16:28:29","16:35:19","00:06:50","+02:00","false","false"
"Math",,"2025-01-27","16:57:23","16:57:25","00:00:02","+02:00","false",
"Math",,"2025-01-27","16:57:26","17:41:49","00:44:23","+02:00","false",
"Math","Probability","2025-01-27","18:14:24","19:10:04","00:55:40","+02:00","false","false"
"Math","Probability","2025-01-27","20:49:16","21:33:30","00:44:14","+02:00","false","false"
"Math","Probability","2025-01-27","21:56:58","22:34:17","00:37:19","+02:00","false","false"
"Work",,"2025-01-28","09:10:50","11:06:16","01:55:26","+02:00","false",
"Work",,"2025-01-28","11:28:58","11:54:00","00:25:02","+02:00","false",
"Work",,"2025-01-28","11:54:37","14:03:11","02:08:34","+02:00","false",
"Math","Probability","2025-01-28","17:59:52","19:11:59","01:12:07","+02:00","false","false"
"Math","Probability","2025-01-28","19:12:14","19:27:01","00:14:47","+02:00","false","false"
"Math",,"2025-01-28","21:01:29","21:56:47","00:55:18","+02:00","false",
"Work",,"2025-01-29","08:31:38","12:33:00","04:01:22","+02:00","false",
"Math","Probability","2025-01-29","17:34:45","18:22:04","00:47:19","+02:00","false","false"
"Math","Probability","2025-01-29","18:44:00","20:43:55","01:59:55","+02:00","false","false"
"Math",,"2025-01-29","20:43:57","20:50:16","00:06:19","+02:00","false",
"Math","Probability","2025-01-29","20:53:05","20:57:35","00:04:30","+02:00","false","false"
"Math","Probability","2025-01-29","21:22:32","21:56:43","00:34:11","+02:00","false","false"
"Math","Probability","2025-01-30","08:15:41","08:47:46","00:32:05","+02:00","false","false"
"Math","Probability","2025-01-30","09:03:34","09:06:39","00:03:05","+02:00","false","false"
"Math","Probability","2025-01-30","09:17:17","09:33:00","00:15:43","+02:00","false","false"
"Work",,"2025-01-30","10:01:49","11:12:12","01:10:23","+02:00","false",
"Math","Probability","2025-01-30","12:07:52","12:39:17","00:31:25","+02:00","false","false"
"Math","Probability","2025-01-30","13:26:09","13:32:20","00:06:11","+02:00","false","false"
"Math","Probability","2025-01-30","13:42:29","14:15:40","00:33:11","+02:00","false","false"
"Math","Probability","2025-01-30","16:52:35","17:59:21","01:06:46","+02:00","false","false"
"Math","Probability","2025-01-30","18:40:39","19:03:44","00:23:05","+02:00","false","false"
"Math","Probability","2025-01-30","19:22:29","19:49:03","00:26:34","+02:00","false","false"
"Math","Probability","2025-01-30","19:59:01","20:25:02","00:26:01","+02:00","false","false"
"Math","Probability","2025-01-30","20:25:32","20:27:06","00:01:34","+02:00","false","false"
"General CS",,"2025-01-30","20:27:09","20:31:48","00:04:39","+02:00","false",
"General CS",,"2025-01-30","20:42:07","20:49:49","00:07:42","+02:00","false",
"Math","Probability","2025-01-30","20:50:02","20:50:28","00:00:26","+02:00","false","false"
"Math","Probability","2025-01-30","20:58:16","21:10:23","00:12:07","+02:00","false","false"
"General CS",,"2025-01-31","09:00:12","10:00:16","01:00:04","+02:00","false",
"Math","Probability","2025-01-31","12:34:26","13:27:29","00:53:03","+02:00","false","false"
"Math","Probability","2025-01-31","15:36:47","16:52:21","01:15:34","+02:00","false","false"
"Programming",,"2025-01-31","16:55:53","17:00:01","00:04:08","+02:00","false",
"Programming",,"2025-01-31","17:04:43","19:51:04","02:46:21","+02:00","false",
"Programming",,"2025-01-31","20:01:24","22:23:20","02:21:56","+02:00","false",
"Programming",,"2025-02-01","10:23:07","12:04:26","01:41:19","+02:00","false",
"Programming",,"2025-02-01","12:28:31","12:43:32","00:15:01","+02:00","false",
"Programming",,"2025-02-01","13:17:57","15:19:59","02:02:02","+02:00","false",
"Programming",,"2025-02-01","16:13:52","16:45:41","00:31:49","+02:00","false",
"Programming",,"2025-02-01","16:46:16","16:46:43","00:00:27","+02:00","false",
"Math","Probability","2025-02-01","20:32:54","20:56:16","00:23:22","+02:00","false","false"
"Math","Probability","2025-02-01","21:00:30","21:34:51","00:34:21","+02:00","false","false"
"Math","Probability","2025-02-02","09:54:11","11:24:48","01:30:37","+02:00","false","false"
"Math","Probability","2025-02-02","11:30:11","12:05:50","00:35:39","+02:00","false","false"
"Math",,"2025-02-02","13:08:50","13:09:50","00:01:00","+02:00","false",
"Math","Probability","2025-02-02","13:10:48","15:10:52","02:00:04","+02:00","false","false"
"Math","Probability","2025-02-02","15:27:58","16:22:21","00:54:23","+02:00","false","false"
"Work",,"2025-02-02","16:40:36","16:43:27","00:02:51","+02:00","false",
"Work",,"2025-02-02","16:46:28","18:26:40","01:40:12","+02:00","false",
"Math","Probability","2025-02-02","18:31:57","18:40:21","00:08:24","+02:00","false","false"
"Math","Probability","2025-02-02","18:56:09","19:30:16","00:34:07","+02:00","false","false"
"Math","Probability","2025-02-02","19:31:36","19:47:43","00:16:07","+02:00","false","false"
"Math","Probability","2025-02-02","19:49:42","21:33:35","01:43:53","+02:00","false","false"
"Work",,"2025-02-03","07:06:53","07:14:04","00:07:11","+02:00","false",
"Work",,"2025-02-03","07:21:08","08:11:34","00:50:26","+02:00","false",
"Math","Probability","2025-02-03","08:25:00","09:01:01","00:36:01","+02:00","false","false"
"Work",,"2025-02-03","09:01:02","10:48:33","01:47:31","+02:00","false",
"Work",,"2025-02-03","11:53:34","12:28:26","00:34:52","+02:00","false",
"Finance",,"2025-02-03","12:28:41","12:29:41","00:01:00","+02:00","false",
"Work",,"2025-02-03","12:29:43","12:58:55","00:29:12","+02:00","false",
"General CS",,"2025-02-03","13:44:47","14:09:39","00:24:52","+02:00","false",
"Work",,"2025-02-03","14:09:40","14:09:41","00:00:01","+02:00","false",
"Programming",,"2025-02-03","14:09:44","15:10:03","01:00:19","+02:00","false",
"Programming",,"2025-02-03","16:36:23","18:17:15","01:40:52","+02:00","false",
"Work",,"2025-02-03","20:16:30","21:53:16","01:36:46","+02:00","false",
"Work",,"2025-02-04","08:21:42","08:52:37","00:30:55","+02:00","false",
"Finance",,"2025-02-04","08:52:38","09:08:46","00:16:08","+02:00","false",
"General CS",,"2025-02-04","10:06:23","11:16:08","01:09:45","+02:00","false",
"Math","Probability","2025-02-04","11:36:51","11:36:52","00:00:01","+02:00","false","false"
"Math","Complex Analysis","2025-02-04","11:37:20","13:06:49","01:29:29","+02:00","false","false"
"Finance",,"2025-02-04","13:06:51","14:01:42","00:54:51","+02:00","false",
"Math","Probability","2025-02-04","16:52:54","17:08:29","00:15:35","+02:00","false","false"
"Math","Probability","2025-02-04","17:47:46","18:53:39","01:05:53","+02:00","false","false"
"Math","Probability","2025-02-04","18:58:24","18:58:32","00:00:08","+02:00","false","false"
"Math","Probability","2025-02-04","18:58:33","20:01:47","01:03:14","+02:00","false","false"
"Math","Probability","2025-02-04","20:08:49","20:09:16","00:00:27","+02:00","false","false"
"Math","Probability","2025-02-04","20:09:17","21:02:48","00:53:31","+02:00","false","false"
"Math","Probability","2025-02-05","07:56:52","08:41:47","00:44:55","+02:00","false","false"
"Math","Numerical Analysis","2025-02-05","09:52:18","11:19:23","01:27:05","+02:00","false","false"
"Physics",,"2025-02-05","11:42:18","13:03:06","01:20:48","+02:00","false",
"Math","Numerical Analysis","2025-02-05","14:27:45","15:07:24","00:39:39","+02:00","false","false"
"Math","Numerical Analysis","2025-02-05","15:18:44","15:34:17","00:15:33","+02:00","false","false"
"General CS",,"2025-02-05","15:34:19","15:50:44","00:16:25","+02:00","false",
"Math","Numerical Analysis","2025-02-05","15:50:45","16:29:31","00:38:46","+02:00","false","false"
"Math","Numerical Analysis","2025-02-05","17:07:38","17:25:40","00:18:02","+02:00","false","false"
"Math","Numerical Analysis","2025-02-05","17:27:06","18:00:45","00:33:39","+02:00","false","false"
"Finance",,"2025-02-05","19:04:08","20:25:02","01:20:54","+02:00","false",
"Finance",,"2025-02-05","20:31:38","20:44:25","00:12:47","+02:00","false",
"Math","Numerical Analysis","2025-02-05","21:07:27","21:21:44","00:14:17","+02:00","false","false"
"Math","Complex Analysis","2025-02-06","08:10:21","09:34:27","01:24:06","+02:00","false","false"
"Finance",,"2025-02-06","09:44:16","11:15:15","01:30:59","+02:00","false",
"Finance",,"2025-02-06","11:26:03","11:35:44","00:09:41","+02:00","false",
"Finance",,"2025-02-06","11:39:29","12:49:35","01:10:06","+02:00","false",
"Physics",,"2025-02-06","12:49:55","13:00:57","00:11:02","+02:00","false",
"Finance",,"2025-02-06","13:05:34","13:27:23","00:21:49","+02:00","false",
"Physics",,"2025-02-06","13:32:52","14:56:34","01:23:42","+02:00","false",
"Physics",,"2025-02-06","16:07:33","16:37:49","00:30:16","+02:00","false",
"Physics",,"2025-02-06","16:56:55","17:17:43","00:20:48","+02:00","false",
"Physics",,"2025-02-06","17:17:44","17:55:17","00:37:33","+02:00","false",
"Physics",,"2025-02-06","17:55:30","18:17:49","00:22:19","+02:00","false",
"Physics",,"2025-02-06","18:18:16","18:38:20","00:20:04","+02:00","false",
"Physics",,"2025-02-06","19:13:48","19:28:40","00:14:52","+02:00","false",
"Physics",,"2025-02-06","19:38:38","20:14:43","00:36:05","+02:00","false",
"Work",,"2025-02-06","20:29:30","20:49:52","00:20:22","+02:00","false",
"Math","Complex Analysis","2025-02-06","21:02:53","21:02:55","00:00:02","+02:00","false","false"
"Math","Numerical Analysis","2025-02-06","21:02:56","21:07:31","00:04:35","+02:00","false","false"
"Math","Numerical Analysis","2025-02-06","21:13:49","21:47:35","00:33:46","+02:00","false","false"
"Finance",,"2025-02-07","07:59:03","08:12:10","00:13:07","+02:00","false",
"General CS",,"2025-02-07","08:12:13","09:57:06","01:44:53","+02:00","false",
"Finance",,"2025-02-07","09:57:08","11:03:26","01:06:18","+02:00","false",
"General CS",,"2025-02-07","12:05:35","12:58:51","00:53:16","+02:00","false",
"Finance",,"2025-02-07","13:09:11","13:59:11","00:50:00","+02:00","false",
"Finance",,"2025-02-07","14:00:05","14:54:17","00:54:12","+02:00","false",
"Finance",,"2025-02-07","16:48:45","17:54:42","01:05:57","+02:00","false",
"Finance",,"2025-02-07","17:54:44","17:59:48","00:05:04","+02:00","false",
"Finance",,"2025-02-07","17:59:51","18:24:45","00:24:54","+02:00","false",
"Finance",,"2025-02-07","18:25:01","19:30:25","01:05:24","+02:00","false",
"Finance",,"2025-02-07","19:48:10","20:20:34","00:32:24","+02:00","false",
"Finance",,"2025-02-07","20:20:38","20:31:54","00:11:16","+02:00","false",
"Finance",,"2025-02-07","21:10:06","21:46:04","00:35:58","+02:00","false",
"Finance",,"2025-02-07","21:46:08","21:51:27","00:05:19","+02:00","false",
"Finance",,"2025-02-08","08:20:43","10:05:54","01:45:11","+02:00","false",
"Math","Complex Analysis","2025-02-08","10:05:54","10:05:55","00:00:01","+02:00","false","false"
"Finance",,"2025-02-08","10:05:57","10:27:22","00:21:25","+02:00","false",
"Programming",,"2025-02-08","11:04:25","12:18:33","01:14:08","+02:00","false",
"Finance",,"2025-02-08","11:14:19","11:14:20","00:00:01","+02:00","false",
"Programming",,"2025-02-08","14:08:18","14:12:14","00:03:56","+02:00","false",
"Physics",,"2025-02-08","14:12:16","14:29:24","00:17:08","+02:00","false",
"Physics",,"2025-02-08","15:01:31","16:20:19","01:18:48","+02:00","false",
"Physics",,"2025-02-08","16:20:21","16:40:40","00:20:19","+02:00","false",
"Math","Probability","2025-02-08","16:57:46","17:14:48","00:17:02","+02:00","false","false"
"Math","Probability","2025-02-08","17:14:52","17:28:57","00:14:05","+02:00","false","false"
"Programming",,"2025-02-08","18:12:34","18:13:10","00:00:36","+02:00","false",
"General CS",,"2025-02-08","18:13:12","19:06:35","00:53:23","+02:00","false",
"Finance",,"2025-02-08","21:53:15","22:23:41","00:30:26","+02:00","false",
"Physics",,"2025-02-09","08:54:07","09:49:45","00:55:38","+02:00","false",
"Finance",,"2025-02-09","09:49:50","10:05:07","00:15:17","+02:00","false",
"Finance",,"2025-02-09","10:11:46","12:02:15","01:50:29","+02:00","false",
"Finance",,"2025-02-09","12:05:57","12:42:09","00:36:12","+02:00","false",
"Finance",,"2025-02-09","12:51:21","12:51:25","00:00:04","+02:00","false",
"Finance",,"2025-02-09","13:25:20","14:14:50","00:49:30","+02:00","false",
"Finance",,"2025-02-09","14:31:50","16:02:34","01:30:44","+02:00","false",
"Math","Probability","2025-02-09","16:29:32","16:29:36","00:00:04","+02:00","false","false"
"Physics",,"2025-02-09","16:50:37","18:37:05","01:46:28","+02:00","false",
"Finance",,"2025-02-09","18:55:17","19:10:39","00:15:22","+02:00","false",
"Math","Probability","2025-02-09","19:12:08","19:44:32","00:32:24","+02:00","false","false"
"Math","Numerical Analysis","2025-02-09","20:15:45","20:29:40","00:13:55","+02:00","false","false"
"Math","Numerical Analysis","2025-02-09","20:48:22","21:02:33","00:14:11","+02:00","false","false"
"Finance",,"2025-02-10","08:38:14","10:11:46","01:33:32","+02:00","false",
"Physics",,"2025-02-10","11:38:57","13:03:54","01:24:57","+02:00","false",
"Programming",,"2025-02-10","13:33:26","15:08:10","01:34:44","+02:00","false",
"Finance",,"2025-02-10","16:36:04","17:58:23","01:22:19","+02:00","false",
"Programming",,"2025-02-10","17:58:23","17:58:25","00:00:02","+02:00","false",
"Finance",,"2025-02-10","18:46:45","20:16:12","01:29:27","+02:00","false",
"Math","Numerical Analysis","2025-02-11","08:07:59","09:16:17","01:08:18","+02:00","false","false"
"Math","Numerical Analysis","2025-02-11","09:53:55","11:16:30","01:22:35","+02:00","false","false"
"Math","Numerical Analysis","2025-02-11","11:24:37","13:07:54","01:43:17","+02:00","false","false"
"Math","Numerical Analysis","2025-02-11","14:59:46","15:07:54","00:08:08","+02:00","false","false"
"Math","Probability","2025-02-11","15:07:57","15:40:45","00:32:48","+02:00","false","false"
"Math","Differential equations","2025-02-11","15:41:01","15:41:02","00:00:01","+02:00","false","false"
"Math","Differential equations","2025-02-11","15:41:17","16:45:08","01:03:51","+02:00","false","false"
"Math","Differential equations","2025-02-11","16:45:58","17:12:27","00:26:29","+02:00","false","false"
"Math","Differential equations","2025-02-11","18:37:28","18:54:59","00:17:31","+02:00","false","false"
"Math","Differential equations","2025-02-12","08:40:19","09:17:34","00:37:15","+02:00","false","false"
"Math","Calc","2025-02-12","09:55:46","11:16:08","01:20:22","+02:00","false","false"
"Physics",,"2025-02-12","11:36:00","13:07:30","01:31:30","+02:00","false",
"Math","Real Analysis","2025-02-12","14:34:38","14:39:29","00:04:51","+02:00","false","false"
"Work",,"2025-02-12","14:41:12","14:43:15","00:02:03","+02:00","false",
"Math","Real Analysis","2025-02-12","14:43:16","15:37:43","00:54:27","+02:00","false","false"
"Math","Real Analysis","2025-02-12","15:37:45","16:15:02","00:37:17","+02:00","false","false"
"Math","Real Analysis","2025-02-12","16:22:26","16:43:02","00:20:36","+02:00","false","false"
"Math","Real Analysis","2025-02-12","17:26:52","18:00:08","00:33:16","+02:00","false","false"
"Math","Real Analysis","2025-02-12","18:00:10","18:20:21","00:20:11","+02:00","false","false"
"Math","Real Analysis","2025-02-12","18:37:16","18:44:28","00:07:12","+02:00","false","false"
"Math","Real Analysis","2025-02-12","18:46:13","19:03:42","00:17:29","+02:00","false","false"
"Math","Numerical Analysis","2025-02-12","19:05:18","19:35:48","00:30:30","+02:00","false","false"
"Math","Numerical Analysis","2025-02-12","19:35:53","19:47:13","00:11:20","+02:00","false","false"
"Math","Numerical Analysis","2025-02-12","19:47:14","19:47:15","00:00:01","+02:00","false","false"
"Math","Real Analysis","2025-02-12","19:47:16","20:08:09","00:20:53","+02:00","false","false"
"Math","Real Analysis","2025-02-12","20:26:42","21:00:21","00:33:39","+02:00","false","false"
"Math","Real Analysis","2025-02-12","21:00:31","21:39:47","00:39:16","+02:00","false","false"
"Math","Complex Analysis","2025-02-13","08:07:34","09:28:38","01:21:04","+02:00","false","false"
"Math","Calc","2025-02-13","09:52:38","11:16:11","01:23:33","+02:00","false","false"
"Physics",,"2025-02-13","11:35:02","12:59:30","01:24:28","+02:00","false",
"Math","Real Analysis","2025-02-13","15:10:12","16:18:27","01:08:15","+02:00","false","false"
"Math","Real Analysis","2025-02-13","16:30:23","16:43:08","00:12:45","+02:00","false","false"
"Math","Real Analysis","2025-02-13","16:44:26","16:48:06","00:03:40","+02:00","false","false"
"Math","Real Analysis","2025-02-13","16:51:05","16:56:31","00:05:26","+02:00","false","false"
"Math","Real Analysis","2025-02-13","17:02:56","17:45:33","00:42:37","+02:00","false","false"
"Math","Real Analysis","2025-02-13","17:58:37","18:03:42","00:05:05","+02:00","false","false"
"Math","Real Analysis","2025-02-13","18:13:36","18:29:22","00:15:46","+02:00","false","false"
"Math","Numerical Analysis","2025-02-13","19:24:03","20:35:09","01:11:06","+02:00","false","false"
"Math","Numerical Analysis","2025-02-13","21:03:53","21:28:11","00:24:18","+02:00","false","false"
"Math",,"2025-02-13","21:41:24","22:00:54","00:19:30","+02:00","false",
"Math",,"2025-02-14","08:20:00","09:07:13","00:47:13","+02:00","false",
"Programming",,"2025-02-14","09:51:49","10:41:28","00:49:39","+02:00","false",
"General CS",,"2025-02-14","10:41:34","11:07:28","00:25:54","+02:00","false",
"Programming",,"2025-02-14","11:07:29","11:12:35","00:05:06","+02:00","false",
"Math",,"2025-02-14","13:17:54","13:25:17","00:07:23","+02:00","false",
"Math","Real Analysis","2025-02-14","13:36:41","14:22:11","00:45:30","+02:00","false","false"
"Math","Real Analysis","2025-02-14","16:00:40","17:48:12","01:47:32","+02:00","false","false"
"Math","Real Analysis","2025-02-14","18:21:11","18:35:36","00:14:25","+02:00","false","false"
"Programming",,"2025-02-14","19:35:24","20:16:44","00:41:20","+02:00","false",
"Math",,"2025-02-14","20:38:34","21:38:10","00:59:36","+02:00","false",
"Programming",,"2025-02-14","21:38:10","21:38:11","00:00:01","+02:00","false",
"Math","Real Analysis","2025-02-15","08:45:58","10:45:58","02:00:00","+02:00","false","false"
"Programming",,"2025-02-15","10:50:49","11:05:52","00:15:03","+02:00","false",
"Programming",,"2025-02-15","12:19:59","14:24:21","02:04:22","+02:00","false",
"Programming",,"2025-02-15","14:24:29","15:06:06","00:41:37","+02:00","false",
"Programming",,"2025-02-15","15:40:03","16:29:36","00:49:33","+02:00","false",
"Programming",,"2025-02-15","16:52:35","18:36:56","01:44:21","+02:00","false",
"Programming",,"2025-02-15","18:37:03","18:47:18","00:10:15","+02:00","false",
"Math","Numerical Analysis","2025-02-15","20:49:03","21:19:09","00:30:06","+02:00","false","false"
"Programming",,"2025-02-15","21:35:45","21:55:45","00:20:00","+02:00","false",
"Math","Real Analysis","2025-02-16","08:27:26","09:34:27","01:07:01","+02:00","false","false"
"Math","Real Analysis","2025-02-16","09:51:19","11:09:09","01:17:50","+02:00","false","false"
"Math","Numerical Analysis","2025-02-16","11:22:11","12:19:53","00:57:42","+02:00","false","false"
"Math","Numerical Analysis","2025-02-16","12:40:15","13:37:35","00:57:20","+02:00","false","false"
"Math","Numerical Analysis","2025-02-16","13:48:06","15:01:24","01:13:18","+02:00","false","false"
"Math","Real Analysis","2025-02-16","15:11:46","15:37:16","00:25:30","+02:00","false","false"
"Work",,"2025-02-16","15:37:17","16:11:01","00:33:44","+02:00","false",
"Physics",,"2025-02-16","16:35:54","17:06:44","00:30:50","+02:00","false",
"Math",,"2025-02-16","17:09:22","17:35:10","00:25:48","+02:00","false",
"Math","Numerical Analysis","2025-02-16","17:54:19","18:07:45","00:13:26","+02:00","false","false"
"Work",,"2025-02-16","18:50:59","18:52:21","00:01:22","+02:00","false",
"Math","Numerical Analysis","2025-02-16","18:52:22","20:02:44","01:10:22","+02:00","false","false"
"Math","Numerical Analysis","2025-02-16","21:17:00","21:22:21","00:05:21","+02:00","false","false"
"Physics",,"2025-02-16","21:22:22","21:25:56","00:03:34","+02:00","false",
"Math","Numerical Analysis","2025-02-16","21:25:57","21:31:55","00:05:58","+02:00","false","false"
"Work",,"2025-02-17","08:21:48","10:32:22","02:10:34","+02:00","false",
"Physics",,"2025-02-17","11:30:24","12:54:25","01:24:01","+02:00","false",
"Programming",,"2025-02-17","13:31:02","14:15:57","00:44:55","+02:00","false",
"Math","Numerical Analysis","2025-02-17","14:15:59","14:40:15","00:24:16","+02:00","false","false"
"Math","Real Analysis","2025-02-17","16:45:27","17:34:49","00:49:22","+02:00","false","false"
"Math","Real Analysis","2025-02-17","18:00:21","19:38:07","01:37:46","+02:00","false","false"
"Math","Real Analysis","2025-02-17","19:38:07","19:38:10","00:00:03","+02:00","false","false"
"Math","Real Analysis","2025-02-17","19:38:11","19:38:12","00:00:01","+02:00","false","false"
"Math","Numerical Analysis","2025-02-17","19:38:13","20:15:24","00:37:11","+02:00","false","false"
"Math","Numerical Analysis","2025-02-17","20:30:23","21:12:53","00:42:30","+02:00","false","false"
"Math","Numerical Analysis","2025-02-18","08:10:56","08:30:33","00:19:37","+02:00","false","false"
"Math","Numerical Analysis","2025-02-18","09:46:03","11:14:14","01:28:11","+02:00","false","false"
"Math","Numerical Analysis","2025-02-18","13:26:14","13:27:34","00:01:20","+02:00","false","false"
"Math","Real Analysis","2025-02-18","13:27:36","14:07:26","00:39:50","+02:00","false","false"
"Math","Real Analysis","2025-02-18","14:28:30","15:03:50","00:35:20","+02:00","false","false"
"Work",,"2025-02-18","15:03:50","16:07:44","01:03:54","+02:00","false",
"Math","Real Analysis","2025-02-18","16:07:44","16:44:43","00:36:59","+02:00","false","false"
"Math","Real Analysis","2025-02-18","16:56:27","17:11:33","00:15:06","+02:00","false","false"
"Math","Real Analysis","2025-02-18","17:11:02","17:11:03","00:00:01","+02:00","false","false"
"Math","Real Analysis","2025-02-18","17:35:18","17:35:21","00:00:03","+02:00","false","false"
"Math","Real Analysis","2025-02-18","17:35:22","18:01:57","00:26:35","+02:00","false","false"
"Math","Real Analysis","2025-02-18","18:01:58","18:23:22","00:21:24","+02:00","false","false"
"Math","Real Analysis","2025-02-18","18:25:27","18:25:28","00:00:01","+02:00","false","false"
"Programming",,"2025-02-18","18:25:30","18:37:25","00:11:55","+02:00","false",
"Programming",,"2025-02-18","18:41:04","19:50:16","01:09:12","+02:00","false",
"Math",,"2025-02-18","19:55:53","20:37:13","00:41:20","+02:00","false",
"Math","Numerical Analysis","2025-02-19","09:57:27","11:37:36","01:40:09","+02:00","false","false"
"Physics",,"2025-02-19","11:47:37","13:01:39","01:14:02","+02:00","false",
"Finance",,"2025-02-19","13:12:06","13:32:42","00:20:36","+02:00","false",
"Physics",,"2025-02-19","13:32:43","14:57:26","01:24:43","+02:00","false",
"Math","Real Analysis","2025-02-19","18:06:04","18:30:14","00:24:10","+02:00","false","false"
"Math","Real Analysis","2025-02-19","18:41:57","19:13:12","00:31:15","+02:00","false","false"
"Math","Real Analysis","2025-02-19","19:24:58","19:26:37","00:01:39","+02:00","false","false"
"Math","Real Analysis","2025-02-19","19:58:19","21:05:11","01:06:52","+02:00","false","false"
"General CS",,"2025-02-19","21:10:43","21:20:04","00:09:21","+02:00","false",
"Finance",,"2025-02-19","21:40:13","22:22:41","00:42:28","+02:00","false",
"Math","Calc","2025-02-20","08:06:07","09:29:40","01:23:33","+02:00","false","false"
"General CS",,"2025-02-20","09:53:47","11:16:21","01:22:34","+02:00","false",
"Physics",,"2025-02-20","11:39:36","13:00:39","01:21:03","+02:00","false",
"Math","Real Analysis","2025-02-20","14:49:45","16:12:22","01:22:37","+02:00","false","false"
"Programming",,"2025-02-20","16:15:49","16:57:26","00:41:37","+02:00","false",
"Math","Real Analysis","2025-02-20","17:18:13","17:19:46","00:01:33","+02:00","false","false"
"Finance",,"2025-02-20","17:24:21","17:37:44","00:13:23","+02:00","false",
"Finance",,"2025-02-20","18:34:45","20:28:48","01:54:03","+02:00","false",
"Finance",,"2025-02-20","20:29:28","20:29:41","00:00:13","+02:00","false",
"Math","Differential Equations","2025-02-20","20:30:01","20:41:42","00:11:41","+02:00","false","false"
"Finance",,"2025-02-21","08:56:11","09:10:18","00:14:07","+02:00","false",
"Finance",,"2025-02-21","10:22:30","10:38:29","00:15:59","+02:00","false",
"General CS",,"2025-02-21","10:38:31","11:24:40","00:46:09","+02:00","false",
"Finance",,"2025-02-21","15:35:08","15:54:52","00:19:44","+02:00","false",
"Programming",,"2025-02-22","09:39:58","11:03:54","01:23:56","+02:00","false",
"General CS",,"2025-02-22","13:06:05","14:02:28","00:56:23","+02:00","false",
"General CS",,"2025-02-22","14:17:24","14:42:49","00:25:25","+02:00","false",
"General CS",,"2025-02-22","15:13:10","16:15:00","01:01:50","+02:00","false",
"Finance",,"2025-02-22","16:15:02","16:29:55","00:14:53","+02:00","false",
"Finance",,"2025-02-22","16:44:24","17:17:07","00:32:43","+02:00","false",
"Finance",,"2025-02-22","17:18:10","17:33:14","00:15:04","+02:00","false",
"Machine Learning",,"2025-02-22","17:33:17","18:15:00","00:41:43","+02:00","false",
"Math","Stats","2025-02-22","18:27:53","18:31:55","00:04:02","+02:00","false","false"
"Math","Probability","2025-02-22","18:32:09","18:42:41","00:10:32","+02:00","false","false"
"Math","Probability","2025-02-22","19:33:45","19:46:57","00:13:12","+02:00","false","false"
"Math","Probability","2025-02-22","19:47:51","19:51:02","00:03:11","+02:00","false","false"
"Finance",,"2025-02-22","20:19:59","21:02:34","00:42:35","+02:00","false",
"Physics",,"2025-02-23","10:50:20","11:47:39","00:57:19","+02:00","false",
"General CS",,"2025-02-23","14:27:49","15:27:08","00:59:19","+02:00","false",
"Math","Probability","2025-02-23","15:48:29","17:54:02","02:05:33","+02:00","false","false"
"Physics",,"2025-02-24","08:42:00","09:38:33","00:56:33","+02:00","false",
"Math","Probability","2025-02-24","09:57:50","10:30:15","00:32:25","+02:00","false","false"
"Physics",,"2025-02-24","11:50:28","13:01:51","01:11:23","+02:00","false",
"Finance",,"2025-02-24","13:39:17","13:56:09","00:16:52","+02:00","false",
"Programming",,"2025-02-24","13:56:16","14:57:14","01:00:58","+02:00","false",
"Programming",,"2025-02-24","16:08:47","17:06:49","00:58:02","+02:00","false",
"Math","Probability","2025-02-24","17:06:52","17:57:49","00:50:57","+02:00","false","false"
"Math","Probability","2025-02-24","18:39:21","18:39:27","00:00:06","+02:00","false","false"
"Math","Numerical Analysis","2025-02-24","18:39:53","19:28:47","00:48:54","+02:00","false","false"
"Math","Numerical Analysis","2025-02-24","19:28:49","19:42:49","00:14:00","+02:00","false","false"
"Math","Numerical Analysis","2025-02-24","19:57:05","20:33:45","00:36:40","+02:00","false","false"
"Math","Numerical Analysis","2025-02-24","20:33:46","21:06:55","00:33:09","+02:00","false","false"
"Math","Numerical Analysis","2025-02-24","21:06:57","21:06:59","00:00:02","+02:00","false","false"
"Math","Probability","2025-02-25","07:58:22","09:04:02","01:05:40","+02:00","false","false"
"Math","Calc","2025-02-25","09:49:27","11:15:21","01:25:54","+02:00","false","false"
"Math",,"2025-02-25","09:59:19","09:59:21","00:00:02","+02:00","false",
"Programming",,"2025-02-25","11:18:33","11:29:01","00:10:28","+02:00","false",
"Math","Calc","2025-02-25","11:37:26","13:06:41","01:29:15","+02:00","false","false"
"Math","Calc","2025-02-25","13:44:50","15:00:31","01:15:41","+02:00","false","false"
"Math","Probability","2025-02-25","16:50:01","18:41:54","01:51:53","+02:00","false","false"
"Math","Probability","2025-02-25","19:12:45","19:39:18","00:26:33","+02:00","false","false"
"Math","Probability","2025-02-25","20:00:17","20:15:43","00:15:26","+02:00","false","false"
"Programming",,"2025-02-25","20:15:44","21:09:21","00:53:37","+02:00","false",
"Programming",,"2025-02-26","07:58:47","09:13:00","01:14:13","+02:00","false",
"Math","Complex Analysis","2025-02-26","09:52:18","11:14:52","01:22:34","+02:00","false","false"
"Physics",,"2025-02-26","11:35:39","12:59:19","01:23:40","+02:00","false",
"Programming",,"2025-02-26","14:36:12","15:54:52","01:18:40","+02:00","false",
"Math","Probability","2025-02-26","16:14:09","16:16:29","00:02:20","+02:00","false","false"
"Programming",,"2025-02-26","16:16:30","16:18:44","00:02:14","+02:00","false",
"Programming",,"2025-02-26","16:20:46","16:51:37","00:30:51","+02:00","false",
"Math","Probability","2025-02-26","16:51:39","18:40:01","01:48:22","+02:00","false","false"
"Math","Real Analysis","2025-02-26","18:40:07","18:59:37","00:19:30","+02:00","false","false"
"Math","Real Analysis","2025-02-26","18:59:39","18:59:40","00:00:01","+02:00","false","false"
"Math","Probability","2025-02-26","18:59:52","19:31:13","00:31:21","+02:00","false","false"
"Math","Real Analysis","2025-02-26","20:17:07","20:35:53","00:18:46","+02:00","false","false"
"Programming",,"2025-02-27","07:49:26","07:49:49","00:00:23","+02:00","false",
"General CS",,"2025-02-27","07:49:52","07:54:22","00:04:30","+02:00","false",
"Programming",,"2025-02-27","07:54:25","09:04:53","01:10:28","+02:00","false",
"Programming",,"2025-02-27","09:19:35","09:34:54","00:15:19","+02:00","false",
"Math","Probability","2025-02-27","09:34:55","09:55:45","00:20:50","+02:00","false","false"
"Math","Probability","2025-02-27","10:34:34","11:05:14","00:30:40","+02:00","false","false"
"Programming",,"2025-02-27","11:44:05","12:58:19","01:14:14","+02:00","false",
"Programming",,"2025-02-27","13:07:24","14:18:27","01:11:03","+02:00","false",
"General CS",,"2025-02-27","14:18:29","14:23:08","00:04:39","+02:00","false",
"Programming",,"2025-02-27","14:23:09","14:51:00","00:27:51","+02:00","false",
"Programming",,"2025-02-27","16:49:42","16:54:46","00:05:04","+02:00","false",
"Math","Probability","2025-02-27","16:54:48","17:57:04","01:02:16","+02:00","false","false"
"Math","Probability","2025-02-27","18:08:49","19:06:13","00:57:24","+02:00","false","false"
"Math","Probability","2025-02-27","19:45:01","19:53:26","00:08:25","+02:00","false","false"
"Math","Probability","2025-02-27","20:19:34","20:22:10","00:02:36","+02:00","false","false"
"Finance",,"2025-02-27","20:22:15","20:29:29","00:07:14","+02:00","false",
"Finance",,"2025-02-27","20:29:30","20:29:31","00:00:01","+02:00","false",
"Math","Probability","2025-02-27","20:29:32","21:22:11","00:52:39","+02:00","false","false"
"Finance",,"2025-02-28","08:48:48","09:18:20","00:29:32","+02:00","false",
"General CS",,"2025-02-28","09:47:14","11:16:24","01:29:10","+02:00","false",
"Programming",,"2025-02-28","11:25:57","12:11:48","00:45:51","+02:00","false",
"Programming",,"2025-02-28","12:20:37","12:36:27","00:15:50","+02:00","false",
"Math","Probability","2025-02-28","15:25:50","16:28:00","01:02:10","+02:00","false","false"
"Finance",,"2025-02-28","16:35:07","17:13:06","00:37:59","+02:00","false",
"Math","Probability","2025-02-28","17:13:08","17:38:58","00:25:50","+02:00","false","false"
"Math","Probability","2025-02-28","20:13:33","20:51:49","00:38:16","+02:00","false","false"
"Math","Probability","2025-02-28","20:57:51","21:15:41","00:17:50","+02:00","false","false"
"General CS",,"2025-02-28","21:15:44","21:24:19","00:08:35","+02:00","false",
"General CS",,"2025-02-28","21:24:20","21:24:21","00:00:01","+02:00","false",
"Math","Probability","2025-02-28","21:24:22","22:25:27","01:01:05","+02:00","false","false"
"Machine Learning",,"2025-03-01","11:06:30","11:16:33","00:10:03","+02:00","false",
"Machine Learning",,"2025-03-01","11:29:37","11:29:38","00:00:01","+02:00","false",
"Machine Learning",,"2025-03-01","11:29:39","13:12:53","01:43:14","+02:00","false",
"Machine Learning",,"2025-03-01","13:48:14","14:25:42","00:37:28","+02:00","false",
"Machine Learning",,"2025-03-01","15:20:00","16:11:21","00:51:21","+02:00","false",
"Machine Learning",,"2025-03-01","17:08:29","17:35:49","00:27:20","+02:00","false",
"Math","Probability","2025-03-01","17:35:50","18:33:46","00:57:56","+02:00","false","false"
"Math","Probability","2025-03-01","18:46:09","19:34:45","00:48:36","+02:00","false","false"
"Finance",,"2025-03-01","19:34:47","19:44:50","00:10:03","+02:00","false",
"Math","Probability","2025-03-01","19:44:52","19:54:58","00:10:06","+02:00","false","false"
"Finance",,"2025-03-01","19:54:59","20:28:56","00:33:57","+02:00","false",
"Math","Probability","2025-03-01","20:28:57","21:40:03","01:11:06","+02:00","false","false"
"Finance",,"2025-03-01","21:40:04","21:40:06","00:00:02","+02:00","false",
"Finance",,"2025-03-02","08:03:04","08:13:43","00:10:39","+02:00","false",
"Math","Measure theory","2025-03-02","08:36:18","10:41:07","02:04:49","+02:00","false","false"
"Math","Measure theory","2025-03-02","10:54:19","12:37:26","01:43:07","+02:00","false","false"
"Finance",,"2025-03-02","13:17:16","13:17:19","00:00:03","+02:00","false",
"Math","Probability","2025-03-02","13:17:22","13:29:33","00:12:11","+02:00","false","false"
"Finance",,"2025-03-02","13:30:17","13:47:29","00:17:12","+02:00","false",
"Math","Stats","2025-03-02","13:53:17","13:55:37","00:02:20","+02:00","false","false"
"Math","Probability","2025-03-02","13:55:39","14:15:47","00:20:08","+02:00","false","false"
"Math","Probability","2025-03-02","14:59:32","15:27:30","00:27:58","+02:00","false","false"
"Finance",,"2025-03-02","15:27:31","15:42:28","00:14:57","+02:00","false",
"Machine Learning",,"2025-03-02","15:42:31","15:49:44","00:07:13","+02:00","false",
"Math","Stats","2025-03-02","15:55:10","17:11:22","01:16:12","+02:00","false","false"
"Finance",,"2025-03-02","17:11:23","17:29:23","00:18:00","+02:00","false",
"Math","Stats","2025-03-02","17:36:05","18:39:31","01:03:26","+02:00","false","false"
"Programming",,"2025-03-02","19:44:31","20:37:21","00:52:50","+02:00","false",
"Programming",,"2025-03-02","20:38:08","21:15:06","00:36:58","+02:00","false",
"Finance",,"2025-03-02","21:22:07","22:22:39","01:00:32","+02:00","false",
"Physics",,"2025-03-03","07:57:16","08:44:07","00:46:51","+02:00","false",
"Physics",,"2025-03-03","08:51:53","10:39:37","01:47:44","+02:00","false",
"Physics",,"2025-03-03","11:32:50","12:56:23","01:23:33","+02:00","false",
"Finance",,"2025-03-03","13:37:21","13:42:02","00:04:41","+02:00","false",
"Programming",,"2025-03-03","13:42:04","14:28:00","00:45:56","+02:00","false",
"Finance",,"2025-03-03","14:28:01","15:04:44","00:36:43","+02:00","false",
"Work",,"2025-03-03","16:52:46","17:22:21","00:29:35","+02:00","false",
"Math","Stats","2025-03-03","17:22:23","17:38:00","00:15:37","+02:00","false","false"
"Work",,"2025-03-03","17:38:03","17:55:34","00:17:31","+02:00","false",
"Programming",,"2025-03-03","17:55:36","18:06:14","00:10:38","+02:00","false",
"Math","Measure theory","2025-03-03","18:06:18","19:13:44","01:07:26","+02:00","false","false"
"Math","Measure theory","2025-03-03","20:06:54","20:06:55","00:00:01","+02:00","false","false"
"Math","Stats","2025-03-03","20:06:56","21:06:32","00:59:36","+02:00","false","false"
"Math","Calc","2025-03-04","08:15:48","08:36:47","00:20:59","+02:00","false","false"
"Math","Stats","2025-03-04","08:36:49","08:36:50","00:00:01","+02:00","false","false"
"Math","Measure theory","2025-03-04","08:36:51","08:56:44","00:19:53","+02:00","false","false"
"Math","Numerical Analysis","2025-03-04","09:56:51","11:21:29","01:24:38","+02:00","false","false"
"Finance",,"2025-03-04","11:31:35","11:34:47","00:03:12","+02:00","false",
"Math","Complex Analysis","2025-03-04","11:36:15","13:01:50","01:25:35","+02:00","false","false"
"Programming",,"2025-03-04","13:42:30","13:47:00","00:04:30","+02:00","false",
"Programming",,"2025-03-04","13:51:05","14:53:59","01:02:54","+02:00","false",
"General CS",,"2025-03-04","14:54:02","15:02:50","00:08:48","+02:00","false",
"Math","Measure theory","2025-03-04","17:10:28","17:42:28","00:32:00","+02:00","false","false"
"Math","Probability","2025-03-04","18:32:03","19:50:50","01:18:47","+02:00","false","false"
"Physics",,"2025-03-04","20:06:08","20:57:40","00:51:32","+02:00","false",
"Math","Measure theory","2025-03-05","08:52:58","09:02:20","00:09:22","+02:00","false","false"
"Programming",,"2025-03-05","09:58:24","10:12:27","00:14:03","+02:00","false",
"Math","Numerical Analysis","2025-03-05","10:12:31","11:17:58","01:05:27","+02:00","false","false"
"Physics",,"2025-03-05","11:40:36","12:55:46","01:15:10","+02:00","false",
"Programming",,"2025-03-05","13:04:43","13:34:26","00:29:43","+02:00","false",
"Physics",,"2025-03-05","13:34:27","14:58:59","01:24:32","+02:00","false",
"Programming",,"2025-03-05","17:19:09","17:28:53","00:09:44","+02:00","false",
"Math","Numerical Analysis","2025-03-05","17:28:55","18:31:29","01:02:34","+02:00","false","false"
"Math","Numerical Analysis","2025-03-05","18:46:31","19:25:25","00:38:54","+02:00","false","false"
"Math","Numerical Analysis","2025-03-05","19:39:03","19:58:43","00:19:40","+02:00","false","false"
"Math","Measure theory","2025-03-05","21:27:34","21:30:45","00:03:11","+02:00","false","false"
"Math","Probability","2025-03-05","21:30:49","22:24:39","00:53:50","+02:00","false","false"
"Math","Calc","2025-03-06","08:07:18","09:31:56","01:24:38","+02:00","false","false"
"Programming",,"2025-03-06","09:51:00","11:13:49","01:22:49","+02:00","false",
"Programming",,"2025-03-06","11:44:13","13:03:09","01:18:56","+02:00","false",
"Math","Stats","2025-03-06","15:28:27","16:49:57","01:21:30","+02:00","false","false"
"Math","Stats","2025-03-06","17:56:41","18:00:07","00:03:26","+02:00","false","false"
"Math","Stats","2025-03-06","18:12:30","18:51:50","00:39:20","+02:00","false","false"
"Math","Stats","2025-03-06","19:17:49","19:37:25","00:19:36","+02:00","false","false"
"Math",,"2025-03-06","19:39:14","19:46:03","00:06:49","+02:00","false",
"Math","Stats","2025-03-06","19:48:45","19:55:53","00:07:08","+02:00","false","false"
"Math","Real Analysis","2025-03-06","20:02:23","20:17:20","00:14:57","+02:00","false","false"
"Math","Real Analysis","2025-03-06","20:27:25","21:02:46","00:35:21","+02:00","false","false"
"Math","Real Analysis","2025-03-06","21:05:20","21:06:16","00:00:56","+02:00","false","false"
"Programming",,"2025-03-06","21:06:18","22:48:00","01:41:42","+02:00","false",
"Programming",,"2025-03-06","22:49:18","23:09:28","00:20:10","+02:00","false",
"Programming",,"2025-03-07","10:00:11","12:28:15","02:28:04","+02:00","false",
"Programming",,"2025-03-07","14:04:25","14:19:20","00:14:55","+02:00","false",
"Programming",,"2025-03-07","14:19:22","14:59:32","00:40:10","+02:00","false",
"Math","Measure theory","2025-03-07","17:30:58","17:39:47","00:08:49","+02:00","false","false"
"Math","Stats","2025-03-07","17:39:50","17:49:46","00:09:56","+02:00","false","false"
"Math","Stats","2025-03-07","18:02:28","18:22:24","00:19:56","+02:00","false","false"
"Math","Stats","2025-03-07","18:29:46","18:50:02","00:20:16","+02:00","false","false"
"Math",,"2025-03-07","19:11:07","19:23:38","00:12:31","+02:00","false",
"Math","Stats","2025-03-07","20:00:41","20:59:52","00:59:11","+02:00","false","false"
"Machine Learning",,"2025-03-07","20:59:54","21:06:37","00:06:43","+02:00","false",
"Math","Stats","2025-03-07","21:06:38","21:29:22","00:22:44","+02:00","false","false"
"Math","Stats","2025-03-08","17:44:28","17:44:30","00:00:02","+02:00","false","false"
"Math","Stats","2025-03-08","18:26:09","18:58:49","00:32:40","+02:00","false","false"
"Math","Stats","2025-03-08","19:05:16","20:32:07","01:26:51","+02:00","false","false"
"Math","Numerical Analysis","2025-03-09","09:04:00","11:44:46","02:40:46","+02:00","false","false"
"Programming",,"2025-03-09","14:42:32","14:43:09","00:00:37","+02:00","false",
"General CS",,"2025-03-09","14:43:11","14:54:00","00:10:49","+02:00","false",
"Math","Measure theory","2025-03-09","14:54:04","15:20:14","00:26:10","+02:00","false","false"
"Math",,"2025-03-09","19:21:36","19:30:42","00:09:06","+02:00","false",
"Math","Real Analysis","2025-03-09","20:12:32","21:41:19","01:28:47","+02:00","false","false"
"Physics",,"2025-03-10","07:50:53","08:33:37","00:42:44","+02:00","false",
"Math","Real Analysis","2025-03-10","08:50:41","09:07:39","00:16:58","+02:00","false","false"
"Math","Real Analysis","2025-03-10","09:09:15","09:46:42","00:37:27","+02:00","false","false"
"Math","Real Analysis","2025-03-10","09:52:58","10:06:58","00:14:00","+02:00","false","false"
"Work",,"2025-03-10","10:07:01","10:36:11","00:29:10","+02:00","false",
"Physics",,"2025-03-10","11:43:41","12:49:32","01:05:51","+02:00","false",
"Work",,"2025-03-10","13:35:27","13:35:28","00:00:01","+02:00","false",
"Programming",,"2025-03-10","13:35:30","15:03:02","01:27:32","+02:00","false",
"Math","Real Analysis","2025-03-10","16:26:25","16:41:02","00:14:37","+02:00","false","false"
"Programming",,"2025-03-10","16:41:03","17:08:14","00:27:11","+02:00","false",
"Math","Real Analysis","2025-03-10","17:08:16","17:58:48","00:50:32","+02:00","false","false"
"Math","Real Analysis","2025-03-10","17:58:56","18:05:15","00:06:19","+02:00","false","false"
"Math","Real Analysis","2025-03-10","18:10:09","18:33:52","00:23:43","+02:00","false","false"
"Programming",,"2025-03-10","18:46:49","19:39:07","00:52:18","+02:00","false",
"Math","Real Analysis","2025-03-10","19:47:03","20:05:33","00:18:30","+02:00","false","false"
"Math","Real Analysis","2025-03-10","21:01:52","21:28:35","00:26:43","+02:00","false","false"
"Programming",,"2025-03-10","21:34:46","21:42:27","00:07:41","+02:00","false",
"Programming",,"2025-03-11","07:50:10","08:38:07","00:47:57","+02:00","false",
"Programming",,"2025-03-11","08:42:02","08:57:21","00:15:19","+02:00","false",
"Math","Complex Analysis","2025-03-11","09:52:21","11:15:23","01:23:02","+02:00","false","false"
"Math","Complex Analysis","2025-03-11","11:33:26","13:08:47","01:35:21","+02:00","false","false"
"Math","Real Analysis","2025-03-11","15:06:12","16:06:34","01:00:22","+02:00","false","false"
"Math","Real Analysis","2025-03-11","16:13:26","16:49:39","00:36:13","+02:00","false","false"
"Programming",,"2025-03-11","16:49:40","16:49:45","00:00:05","+02:00","false",
"Programming",,"2025-03-11","16:49:47","18:12:33","01:22:46","+02:00","false",
"Programming",,"2025-03-11","18:14:58","18:59:17","00:44:19","+02:00","false",
"Programming",,"2025-03-11","19:08:12","19:46:07","00:37:55","+02:00","false",
"Programming",,"2025-03-11","20:36:12","21:37:26","01:01:14","+02:00","false",
"Programming",,"2025-03-12","08:42:42","09:01:52","00:19:10","+02:00","false",
"Math","Complex Analysis","2025-03-12","09:54:49","11:19:11","01:24:22","+02:00","false","false"
"Programming",,"2025-03-12","11:28:24","11:38:35","00:10:11","+02:00","false",
"Physics",,"2025-03-12","11:38:41","12:59:22","01:20:41","+02:00","false",
"Programming",,"2025-03-12","14:46:59","17:24:24","02:37:25","+02:00","false",
"Programming",,"2025-03-12","18:07:02","18:07:03","00:00:01","+02:00","false",
"Math","Numerical Analysis","2025-03-12","18:07:07","18:25:28","00:18:21","+02:00","false","false"
"Math","Numerical Analysis","2025-03-12","18:36:28","18:36:33","00:00:05","+02:00","false","false"
"Math","Numerical Analysis","2025-03-12","18:55:05","20:50:50","01:55:45","+02:00","false","false"
"Programming",,"2025-03-13","08:39:42","10:41:15","02:01:33","+02:00","false",
"Programming",,"2025-03-13","11:38:57","11:39:00","00:00:03","+02:00","false",
"Physics",,"2025-03-13","11:39:03","13:02:43","01:23:40","+02:00","false",
"Programming",,"2025-03-13","13:02:44","14:17:41","01:14:57","+02:00","false",
"Math","Complex Analysis","2025-03-13","14:17:47","14:33:34","00:15:47","+02:00","false","false"
"Programming",,"2025-03-13","14:33:35","14:58:10","00:24:35","+02:00","false",
"Programming",,"2025-03-13","16:39:34","17:11:54","00:32:20","+02:00","false",
"Programming",,"2025-03-13","17:14:32","20:59:25","03:44:53","+02:00","false",
"Programming",,"2025-03-13","21:03:10","21:34:13","00:31:03","+02:00","false",
"Programming",,"2025-03-13","21:29:04","21:38:27","00:09:23","+02:00","false",
"Programming",,"2025-03-13","21:42:25","21:43:55","00:01:30","+02:00","false",
"Programming",,"2025-03-13","21:55:11","21:55:16","00:00:05","+02:00","false",
"General CS",,"2025-03-13","22:00:03","23:02:16","01:02:13","+02:00","false",
"Programming",,"2025-03-14","09:47:29","11:16:46","01:29:17","+02:00","false",
"Programming",,"2025-03-14","11:17:03","13:01:42","01:44:39","+02:00","false",
"Programming",,"2025-03-14","14:33:08","18:05:47","03:32:39","+02:00","false",
"Programming",,"2025-03-14","19:50:46","21:28:23","01:37:37","+02:00","false",
"Programming",,"2025-03-15","09:47:13","11:16:02","01:28:49","+02:00","false",
"Programming",,"2025-03-15","11:32:37","12:44:09","01:11:32","+02:00","false",
"Programming",,"2025-03-15","12:44:30","13:35:53","00:51:23","+02:00","false",
"Math","Numerical Analysis","2025-03-15","17:39:00","18:15:15","00:36:15","+02:00","false","false"
"Math","Numerical Analysis","2025-03-15","18:27:11","18:41:05","00:13:54","+02:00","false","false"
"Math","Numerical Analysis","2025-03-15","18:59:37","19:52:01","00:52:24","+02:00","false","false"
"Math","Numerical Analysis","2025-03-15","19:52:58","20:33:17","00:40:19","+02:00","false","false"
"Math","Numerical Analysis","2025-03-15","21:08:36","21:45:40","00:37:04","+02:00","false","false"
"Math","Numerical Analysis","2025-03-15","22:36:42","22:46:48","00:10:06","+02:00","false","false"
"Math","Numerical Analysis","2025-03-16","11:01:03","12:24:13","01:23:10","+02:00","false","false"
"Physics",,"2025-03-16","13:07:25","13:25:26","00:18:01","+02:00","false",
"Physics",,"2025-03-16","14:04:51","14:48:12","00:43:21","+02:00","false",
"Math","Numerical Analysis","2025-03-16","15:34:38","16:53:45","01:19:07","+02:00","false","false"
"Math","Numerical Analysis","2025-03-16","18:21:29","19:51:12","01:29:43","+02:00","false","false"
"Math","Numerical Analysis","2025-03-16","19:51:18","20:09:08","00:17:50","+02:00","false","false"
"Math","Numerical Analysis","2025-03-16","20:12:57","20:36:52","00:23:55","+02:00","false","false"
"Math","Numerical Analysis","2025-03-16","20:38:19","21:04:20","00:26:01","+02:00","false","false"
"Math","Numerical Analysis","2025-03-16","21:04:27","21:34:15","00:29:48","+02:00","false","false"
"Math","Numerical Analysis","2025-03-16","21:36:23","22:19:54","00:43:31","+02:00","false","false"
"Work",,"2025-03-17","07:58:23","08:09:35","00:11:12","+02:00","false",
"Physics",,"2025-03-17","08:09:36","08:10:53","00:01:17","+02:00","false",
"Physics",,"2025-03-17","08:22:53","09:05:33","00:42:40","+02:00","false",
"Math","Numerical Analysis","2025-03-17","09:13:24","09:24:14","00:10:50","+02:00","false","false"
"Math","Numerical Analysis","2025-03-17","09:45:08","10:00:58","00:15:50","+02:00","false","false"
"Work",,"2025-03-17","10:00:59","10:44:59","00:44:00","+02:00","false",
"Physics",,"2025-03-17","11:37:32","11:54:52","00:17:20","+02:00","false",
"Programming",,"2025-03-17","11:54:58","13:16:34","01:21:36","+02:00","false",
"Math","Numerical Analysis","2025-03-17","15:43:23","18:19:21","02:35:58","+02:00","false","false"
"Math","Numerical Analysis","2025-03-17","18:25:33","18:48:51","00:23:18","+02:00","false","false"
"Math","Numerical Analysis","2025-03-17","18:49:47","19:24:14","00:34:27","+02:00","false","false"
"Math","Numerical Analysis","2025-03-17","20:04:56","21:53:24","01:48:28","+02:00","false","false"
"Work",,"2025-03-17","21:57:08","22:39:42","00:42:34","+02:00","false",
"Math","Numerical Analysis","2025-03-18","09:42:57","11:26:42","01:43:45","+02:00","false","false"
"Math","Complex Analysis","2025-03-18","11:37:40","13:14:06","01:36:26","+02:00","false","false"
"Math","Calc","2025-03-18","15:15:02","16:07:40","00:52:38","+02:00","false","false"
"Math","Calc","2025-03-18","16:14:06","16:14:31","00:00:25","+02:00","false","false"
"Work",,"2025-03-18","16:21:40","16:31:43","00:10:03","+02:00","false",
"Math","Calc","2025-03-18","16:31:52","18:25:58","01:54:06","+02:00","false","false"
"Math","Calc","2025-03-18","18:39:58","19:15:51","00:35:53","+02:00","false","false"
"Math","Calc","2025-03-18","19:43:12","19:55:12","00:12:00","+02:00","false","false"
"Programming",,"2025-03-18","19:58:20","20:05:08","00:06:48","+02:00","false",
"Math","Real Analysis","2025-03-18","21:23:26","22:05:31","00:42:05","+02:00","false","false"
"Math","Calc","2025-03-19","08:18:27","08:50:45","00:32:18","+02:00","false","false"
"Math","Calc","2025-03-19","09:48:14","11:06:11","01:17:57","+02:00","false","false"
"Programming",,"2025-03-19","11:16:45","11:42:06","00:25:21","+02:00","false",
"Programming",,"2025-03-19","11:42:09","11:43:30","00:01:21","+02:00","false",
"Physics",,"2025-03-19","11:43:32","12:52:45","01:09:13","+02:00","false",
"Programming",,"2025-03-19","15:00:29","15:24:28","00:23:59","+02:00","false",
"Programming",,"2025-03-19","15:34:23","17:01:26","01:27:03","+02:00","false",
"Work",,"2025-03-19","17:01:28","19:02:51","02:01:23","+02:00","false",
"Work",,"2025-03-19","19:17:20","22:17:23","03:00:03","+02:00","false",
"General CS",,"2025-03-20","08:14:50","09:04:19","00:49:29","+02:00","false",
"Math","Complex Analysis","2025-03-20","09:04:24","09:43:25","00:39:01","+02:00","false","false"
"General CS",,"2025-03-20","09:58:27","10:16:51","00:18:24","+02:00","false",
"Programming",,"2025-03-20","10:26:29","10:48:10","00:21:41","+02:00","false",
"Physics",,"2025-03-20","11:29:07","12:59:38","01:30:31","+02:00","false",
"Programming",,"2025-03-20","12:58:53","12:58:59","00:00:06","+02:00","false",
"Physics",,"2025-03-20","13:32:47","14:56:09","01:23:22","+02:00","false",
"Math","Real Analysis","2025-03-20","17:03:20","18:32:35","01:29:15","+02:00","false","false"
"Programming",,"2025-03-20","18:32:37","21:04:41","02:32:04","+02:00","false",
"General CS",,"2025-03-20","21:04:42","21:04:45","00:00:03","+02:00","false",
"General CS",,"2025-03-20","21:04:53","22:26:03","01:21:10","+02:00","false",
"General CS",,"2025-03-21","08:08:09","10:02:07","01:53:58","+02:00","false",
"Finance",,"2025-03-21","12:50:53","12:57:52","00:06:59","+02:00","false",
"Math","Real Analysis","2025-03-21","12:57:54","14:00:17","01:02:23","+02:00","false","false"
"Math","Real Analysis","2025-03-21","14:19:51","15:13:34","00:53:43","+02:00","false","false"
"Finance",,"2025-03-21","16:27:59","17:19:11","00:51:12","+02:00","false",
"Finance",,"2025-03-21","17:32:23","18:19:00","00:46:37","+02:00","false",
"Finance",,"2025-03-21","19:24:22","19:54:09","00:29:47","+02:00","false",
"Finance",,"2025-03-21","19:59:34","20:20:16","00:20:42","+02:00","false",
"Math","Complex Analysis","2025-03-22","10:28:17","11:18:42","00:50:25","+02:00","false","false"
"Math","Complex Analysis","2025-03-22","11:52:12","12:41:36","00:49:24","+02:00","false","false"
"Math","Complex Analysis","2025-03-22","13:34:35","13:52:34","00:17:59","+02:00","false","false"
"Programming",,"2025-03-22","13:52:36","13:57:51","00:05:15","+02:00","false",
"Programming",,"2025-03-22","15:43:57","18:03:39","02:19:42","+02:00","false",
"Math","Complex Analysis","2025-03-22","19:25:41","19:35:55","00:10:14","+02:00","false","false"
"Math","Complex Analysis","2025-03-22","19:39:07","19:55:39","00:16:32","+02:00","false","false"
"Programming",,"2025-03-22","20:23:44","21:54:20","01:30:36","+02:00","false",
"Programming",,"2025-03-22","21:54:39","22:31:42","00:37:03","+02:00","false",
"Programming",,"2025-03-23","09:11:32","11:40:58","02:29:26","+02:00","false",
"Programming",,"2025-03-23","12:09:11","12:27:22","00:18:11","+02:00","false",
"Programming",,"2025-03-23","12:34:15","13:14:43","00:40:28","+02:00","false",
"Math","Complex Analysis","2025-03-23","16:02:58","17:31:28","01:28:30","+02:00","false","false"
"Math","Complex Analysis","2025-03-23","17:31:46","17:44:51","00:13:05","+02:00","false","false"
"Physics",,"2025-03-23","17:48:10","18:46:29","00:58:19","+02:00","false",
"Programming",,"2025-03-23","18:46:30","20:26:08","01:39:38","+02:00","false",
"General CS",,"2025-03-23","21:27:28","22:20:33","00:53:05","+02:00","false",
"General CS",,"2025-03-23","22:30:18","22:42:52","00:12:34","+02:00","false",
"Programming",,"2025-03-24","08:40:31","09:32:43","00:52:12","+02:00","false",
"Work",,"2025-03-24","10:06:46","10:39:08","00:32:22","+02:00","false",
"Physics",,"2025-03-24","11:29:21","12:54:26","01:25:05","+02:00","false",
"Finance",,"2025-03-24","13:31:32","15:00:36","01:29:04","+02:00","false",
"Math","Complex Analysis","2025-03-24","16:20:29","17:49:17","01:28:48","+02:00","false","false"
"Math","Complex Analysis","2025-03-24","18:26:24","19:07:51","00:41:27","+02:00","false","false"
"Math","Complex Analysis","2025-03-24","19:07:52","19:23:14","00:15:22","+02:00","false","false"
"Math","Complex Analysis","2025-03-24","19:40:41","20:00:29","00:19:48","+02:00","false","false"
"Math","Complex Analysis","2025-03-24","20:00:35","20:00:38","00:00:03","+02:00","false","false"
"Finance",,"2025-03-24","20:00:54","20:44:09","00:43:15","+02:00","false",
"Physics",,"2025-03-24","20:44:13","21:22:50","00:38:37","+02:00","false",
"Physics",,"2025-03-24","21:23:18","21:43:21","00:20:03","+02:00","false",
"Physics",,"2025-03-24","21:46:23","21:46:25","00:00:02","+02:00","false",
"Physics",,"2025-03-25","07:07:06","08:21:10","01:14:04","+02:00","false",
"Physics",,"2025-03-25","08:24:13","08:31:09","00:06:56","+02:00","false",
"Physics",,"2025-03-25","08:49:34","09:13:04","00:23:30","+02:00","false",
"Math","Calc","2025-03-25","09:55:03","11:20:39","01:25:36","+02:00","false","false"
"Physics",,"2025-03-25","11:21:36","11:39:54","00:18:18","+02:00","false",
"Math","Calc","2025-03-25","11:39:58","12:58:47","01:18:49","+02:00","false","false"
"Physics",,"2025-03-25","14:26:45","16:05:54","01:39:09","+02:00","false",
"Physics",,"2025-03-25","16:24:53","17:29:41","01:04:48","+02:00","false",
"Physics",,"2025-03-25","17:59:14","18:24:35","00:25:21","+02:00","false",
"Physics",,"2025-03-25","18:38:30","19:11:15","00:32:45","+02:00","false",
"Physics",,"2025-03-25","19:11:18","19:18:11","00:06:53","+02:00","false",
"Physics",,"2025-03-25","19:27:40","19:31:44","00:04:04","+02:00","false",
"Physics",,"2025-03-25","19:36:02","19:49:35","00:13:33","+02:00","false",
"Physics",,"2025-03-25","19:53:29","20:36:13","00:42:44","+02:00","false",
"Physics",,"2025-03-25","20:49:39","21:44:44","00:55:05","+02:00","false",
"Physics",,"2025-03-26","08:35:11","08:55:17","00:20:06","+02:00","false",
"Physics",,"2025-03-26","09:48:22","13:08:53","03:20:31","+02:00","false",
"Finance",,"2025-03-26","17:02:49","19:08:15","02:05:26","+02:00","false",
"Finance",,"2025-03-26","19:48:42","20:19:40","00:30:58","+02:00","false",
"Finance",,"2025-03-26","21:48:34","22:07:55","00:19:21","+02:00","false",
"Work",,"2025-03-26","22:08:01","22:36:44","00:28:43","+02:00","false",
"Finance",,"2025-03-27","10:12:29","10:28:09","00:15:40","+02:00","false",
"Finance",,"2025-03-27","10:34:40","10:58:48","00:24:08","+02:00","false",
"Finance",,"2025-03-27","11:38:04","11:58:39","00:20:35","+02:00","false",
"Math","Complex Analysis","2025-03-27","11:58:43","12:50:54","00:52:11","+02:00","false","false"
"Programming",,"2025-03-27","15:10:47","17:28:41","02:17:54","+02:00","false",
"Finance",,"2025-03-27","17:52:10","18:37:46","00:45:36","+02:00","false",
"Finance",,"2025-03-27","18:40:34","18:50:09","00:09:35","+02:00","false",
"Work",,"2025-03-27","19:14:49","19:42:41","00:27:52","+02:00","false",
"Work",,"2025-03-27","19:56:34","19:56:35","00:00:01","+02:00","false",
"Math","Real Analysis","2025-03-27","19:56:39","21:02:50","01:06:11","+02:00","false","false"
"Math","Real Analysis","2025-03-27","21:21:49","21:35:03","00:13:14","+02:00","false","false"
"Programming",,"2025-03-27","21:35:41","22:56:35","01:20:54","+02:00","false",
"Finance",,"2025-03-27","22:10:39","22:10:40","00:00:01","+02:00","false",
"Programming",,"2025-03-28","09:06:59","09:16:14","00:09:15","+02:00","false",
"Programming",,"2025-03-28","09:26:37","09:52:49","00:26:12","+02:00","false",
"Finance",,"2025-03-28","10:53:24","10:54:11","00:00:47","+02:00","false",
"Programming",,"2025-03-28","10:54:12","11:12:40","00:18:28","+02:00","false",
"Programming",,"2025-03-28","11:33:17","13:03:44","01:30:27","+02:00","false",
"Work",,"2025-03-28","14:53:44","17:21:23","02:27:39","+02:00","false",
"Finance",,"2025-03-28","19:13:32","19:46:59","00:33:27","+02:00","false",
"Math","Real Analysis","2025-03-28","19:47:02","20:16:53","00:29:51","+02:00","false","false"
"Math","Real Analysis","2025-03-28","20:26:15","20:29:15","00:03:00","+02:00","false","false"
"Math","Numerical Analysis","2025-03-29","14:26:55","15:51:21","01:24:26","+02:00","false","false"
"Math","Numerical Analysis","2025-03-29","16:10:03","17:00:13","00:50:10","+02:00","false","false"
"Math","Numerical Analysis","2025-03-29","17:02:43","17:43:57","00:41:14","+02:00","false","false"
"Math","Numerical Analysis","2025-03-29","18:14:51","19:55:27","01:40:36","+02:00","false","false"
"Math","Numerical Analysis","2025-03-29","20:10:29","21:28:04","01:17:35","+02:00","false","false"
"Math","Numerical Analysis","2025-03-29","21:38:09","22:12:51","00:34:42","+02:00","false","false"
"Math","Numerical Analysis","2025-03-29","22:18:04","23:36:17","01:18:13","+02:00","false","false"
"Math","Numerical Analysis","2025-03-30","09:54:50","10:05:18","00:10:28","+03:00","false","false"
"Math","Numerical Analysis","2025-03-30","10:13:40","11:49:35","01:35:55","+03:00","false","false"
"Work",,"2025-03-30","11:49:37","12:24:59","00:35:22","+03:00","false",
"Work",,"2025-03-30","12:29:04","14:37:06","02:08:02","+03:00","false",
"Math","Real Analysis","2025-03-30","14:37:07","14:37:33","00:00:26","+03:00","false","false"
"Math","Real Analysis","2025-03-30","15:01:28","15:01:29","00:00:01","+03:00","false","false"
"Math","Real Analysis","2025-03-30","15:01:29","15:01:30","00:00:01","+03:00","false","false"
"Work",,"2025-03-30","15:01:30","15:01:30","00:00:00","+03:00","false",
"Work",,"2025-03-30","15:01:31","15:48:09","00:46:38","+03:00","false",
"Math","Numerical Analysis","2025-03-30","15:48:23","16:00:35","00:12:12","+03:00","false","false"
"Math","Numerical Analysis","2025-03-30","16:08:48","17:04:11","00:55:23","+03:00","false","false"
"Math","Numerical Analysis","2025-03-30","17:10:39","18:12:40","01:02:01","+03:00","false","false"
"Math","Numerical Analysis","2025-03-30","18:20:33","19:48:20","01:27:47","+03:00","false","false"
"Math","Numerical Analysis","2025-03-30","19:58:31","21:08:40","01:10:09","+03:00","false","false"
"Math","Numerical Analysis","2025-03-30","21:22:52","22:42:56","01:20:04","+03:00","false","false"
"Math","Numerical Analysis","2025-03-30","22:43:01","22:58:51","00:15:50","+03:00","false","false"
"Physics",,"2025-03-31","09:00:28","10:05:14","01:04:46","+03:00","false",
"Work",,"2025-03-31","10:05:15","10:54:34","00:49:19","+03:00","false",
"Physics",,"2025-03-31","11:36:52","13:01:29","01:24:37","+03:00","false",
"Finance",,"2025-03-31","13:06:51","14:57:11","01:50:20","+03:00","false",
"Math","Numerical Analysis","2025-03-31","16:37:53","18:45:17","02:07:24","+03:00","false","false"
"Math","Numerical Analysis","2025-03-31","18:58:48","19:03:55","00:05:07","+03:00","false","false"
"Math","Numerical Analysis","2025-03-31","19:10:19","20:47:17","01:36:58","+03:00","false","false"
"Math","Numerical Analysis","2025-03-31","20:51:00","21:31:37","00:40:37","+03:00","false","false"
"Math","Numerical Analysis","2025-04-01","07:23:49","07:33:54","00:10:05","+03:00","false","false"
"Math","Numerical Analysis","2025-04-01","07:43:32","08:43:39","01:00:07","+03:00","false","false"
"Math","Numerical Analysis","2025-04-01","09:45:12","11:35:20","01:50:08","+03:00","false","false"
"Math","Complex Analysis","2025-04-01","11:47:43","13:08:08","01:20:25","+03:00","false","false"
"Finance",,"2025-04-01","15:32:25","18:14:40","02:42:15","+03:00","false",
"Finance",,"2025-04-01","19:02:04","19:38:26","00:36:22","+03:00","false",
"Work",,"2025-04-01","19:49:02","20:47:42","00:58:40","+03:00","false",
"Work",,"2025-04-01","21:08:55","23:40:45","02:31:50","+03:00","false",
"Math","Complex Analysis","2025-04-02","09:57:29","11:14:56","01:17:27","+03:00","false","false"
"Physics",,"2025-04-02","11:39:48","13:02:22","01:22:34","+03:00","false",
"Work",,"2025-04-02","13:02:24","13:36:27","00:34:03","+03:00","false",
"Physics",,"2025-04-02","13:36:28","15:04:48","01:28:20","+03:00","false",
"Finance",,"2025-04-02","17:01:28","18:53:04","01:51:36","+03:00","false",
"Finance",,"2025-04-02","19:07:52","19:34:36","00:26:44","+03:00","false",
"Finance",,"2025-04-02","19:39:52","19:48:32","00:08:40","+03:00","false",
"Programming",,"2025-04-02","20:26:36","21:23:36","00:57:00","+03:00","false",
"Finance",,"2025-04-03","09:42:52","09:57:52","00:15:00","+03:00","false",
"Finance",,"2025-04-03","09:58:06","10:05:36","00:07:30","+03:00","false",
"Finance",,"2025-04-03","10:23:13","10:39:17","00:16:04","+03:00","false",
"Finance",,"2025-04-03","10:43:37","10:51:01","00:07:24","+03:00","false",
"Physics",,"2025-04-03","11:31:39","12:58:41","01:27:02","+03:00","false",
"Finance",,"2025-04-03","13:00:12","13:32:11","00:31:59","+03:00","false",
"Physics",,"2025-04-03","13:32:12","15:01:44","01:29:32","+03:00","false",
"Math","Real Analysis","2025-04-03","16:31:02","16:35:14","00:04:12","+03:00","false","false"
"Math","Real Analysis","2025-04-03","16:37:11","17:36:40","00:59:29","+03:00","false","false"
"Math","Real Analysis","2025-04-03","17:48:23","18:48:46","01:00:23","+03:00","false","false"
"Math","Real Analysis","2025-04-03","18:59:28","19:30:00","00:30:32","+03:00","false","false"
"Math","Real Analysis","2025-04-03","19:40:34","19:45:19","00:04:45","+03:00","false","false"
"Math","Real Analysis","2025-04-03","19:46:33","21:02:58","01:16:25","+03:00","false","false"
"Math","Real Analysis","2025-04-03","21:27:11","22:12:31","00:45:20","+03:00","false","false"
"General CS",,"2025-04-04","09:45:31","10:30:47","00:45:16","+03:00","false",
"Finance",,"2025-04-04","11:34:54","13:00:04","01:25:10","+03:00","false",
"Finance",,"2025-04-04","13:04:41","15:00:37","01:55:56","+03:00","false",
"Finance",,"2025-04-04","18:05:26","18:12:06","00:06:40","+03:00","false",
"Finance",,"2025-04-04","18:40:33","19:12:45","00:32:12","+03:00","false",
"Finance",,"2025-04-04","19:24:19","19:24:27","00:00:08","+03:00","false",
"Finance","Econometrics","2025-04-04","19:24:36","19:25:13","00:00:37","+03:00","false","false"
"Finance","Econometrics","2025-04-04","19:27:32","19:30:36","00:03:04","+03:00","false","false"
"Finance","Econometrics","2025-04-04","20:47:43","21:48:28","01:00:45","+03:00","false","false"
"Finance","Econometrics","2025-04-05","09:10:46","10:35:45","01:24:59","+03:00","false","false"
"Finance","Econometrics","2025-04-05","15:20:27","16:56:58","01:36:31","+03:00","false","false"
"Programming",,"2025-04-05","17:12:11","17:12:36","00:00:25","+03:00","false",
"Finance","Econometrics","2025-04-05","17:14:16","17:14:22","00:00:06","+03:00","false","false"
"Finance","Quant finance (research)","2025-04-05","17:14:32","17:40:38","00:26:06","+03:00","false","false"
"Finance","Quant finance (research)","2025-04-05","17:58:02","19:42:31","01:44:29","+03:00","false","false"
"Finance","Quant finance (research)","2025-04-05","19:44:02","19:48:00","00:03:58","+03:00","false","false"
"Finance","Quant finance (research)","2025-04-05","20:30:38","20:30:40","00:00:02","+03:00","false","false"
"Finance","Econometrics","2025-04-05","20:30:41","20:58:27","00:27:46","+03:00","false","false"
"Math","Stats","2025-04-05","20:58:30","21:56:47","00:58:17","+03:00","false","false"
"Math","Stats","2025-04-06","08:42:01","10:13:42","01:31:41","+03:00","false","false"
"Finance","Quant finance (research)","2025-04-06","10:23:55","10:35:15","00:11:20","+03:00","false","false"
"Finance","Quant finance (research)","2025-04-06","10:35:16","10:35:17","00:00:01","+03:00","false","false"
"Math","Stats","2025-04-06","10:35:18","10:46:58","00:11:40","+03:00","false","false"
"Finance","Quant finance (research)","2025-04-06","11:03:46","11:03:47","00:00:01","+03:00","false","false"
"Finance","Quant finance (research)","2025-04-06","11:05:42","11:33:54","00:28:12","+03:00","false","false"
"Finance","Quant finance (research)","2025-04-06","11:35:20","13:23:57","01:48:37","+03:00","false","false"
"Finance","Quant finance (research)","2025-04-06","14:41:33","16:16:58","01:35:25","+03:00","false","false"
"Finance","Quant finance (research)","2025-04-06","16:24:43","16:40:58","00:16:15","+03:00","false","false"
"Finance","Quant finance (research)","2025-04-06","16:41:18","16:41:19","00:00:01","+03:00","false","false"
"Finance","Quant finance (research)","2025-04-06","16:41:59","16:42:58","00:00:59","+03:00","false","false"
"Finance","Quant finance (research)","2025-04-06","16:59:38","17:33:03","00:33:25","+03:00","false","false"
"Finance","Quant finance (research)","2025-04-06","18:07:28","20:13:43","02:06:15","+03:00","false","false"
"Finance","Quant finance (research)","2025-04-06","20:24:38","21:08:58","00:44:20","+03:00","false","false"
"Finance","Quant finance (research)","2025-04-06","21:09:06","21:09:07","00:00:01","+03:00","false","false"
"Programming",,"2025-04-06","21:12:38","21:26:59","00:14:21","+03:00","false",
"Programming",,"2025-04-06","21:32:56","21:44:27","00:11:31","+03:00","false",
"Programming",,"2025-04-06","22:08:11","22:21:31","00:13:20","+03:00","false",
"Physics",,"2025-04-07","08:48:37","10:08:15","01:19:38","+03:00","false",
"Work",,"2025-04-07","10:08:20","10:18:27","00:10:07","+03:00","false",
"Finance","Quant finance (research)","2025-04-07","10:18:29","10:29:02","00:10:33","+03:00","false","false"
"Physics",,"2025-04-07","11:30:21","12:40:20","01:09:59","+03:00","false",
"Finance","Quant finance (research)","2025-04-07","13:16:37","15:50:50","02:34:13","+03:00","false","false"
"Finance","Quant finance (research)","2025-04-07","16:31:06","17:37:49","01:06:43","+03:00","false","false"
"Finance","Quant finance (research)","2025-04-07","17:44:15","19:46:11","02:01:56","+03:00","false","false"
"Finance","Quant finance (research)","2025-04-07","20:00:18","20:02:25","00:02:07","+03:00","false","false"
"Work",,"2025-04-07","20:36:45","23:12:36","02:35:51","+03:00","false",
"Math","Complex Analysis","2025-04-08","09:54:29","11:24:39","01:30:10","+03:00","false","false"
"Finance","Quant finance (research)","2025-04-08","11:24:43","11:43:07","00:18:24","+03:00","false","false"
"Math","Complex Analysis","2025-04-08","11:43:09","12:59:05","01:15:56","+03:00","false","false"
"Finance","Quant finance (research)","2025-04-08","15:04:46","15:06:33","00:01:47","+03:00","false","false"
"Finance","Quant finance (research)","2025-04-08","15:16:02","16:04:30","00:48:28","+03:00","false","false"
"Work",,"2025-04-08","16:04:31","16:07:07","00:02:36","+03:00","false",
"Finance","Quant finance (research)","2025-04-08","16:07:08","16:10:26","00:03:18","+03:00","false","false"
"Finance","Quant finance (research)","2025-04-08","16:13:10","16:25:04","00:11:54","+03:00","false","false"
"Work",,"2025-04-08","16:25:06","16:27:41","00:02:35","+03:00","false",
"Finance","Quant finance (research)","2025-04-08","16:27:42","16:38:22","00:10:40","+03:00","false","false"
"Work",,"2025-04-08","16:38:23","16:47:30","00:09:07","+03:00","false",
"Finance","Quant finance (research)","2025-04-08","16:47:31","18:08:06","01:20:35","+03:00","false","false"
"Finance","Quant finance (research)","2025-04-08","18:16:28","18:42:16","00:25:48","+03:00","false","false"
"Finance","Quant finance (research)","2025-04-08","18:42:24","19:51:37","01:09:13","+03:00","false","false"
"Work",,"2025-04-08","20:43:10","21:44:24","01:01:14","+03:00","false",
"Work",,"2025-04-08","21:44:28","21:52:44","00:08:16","+03:00","false",
"Finance","Quant finance (research)","2025-04-09","09:57:34","10:04:56","00:07:22","+03:00","false","false"
"Math","Calc","2025-04-09","10:05:01","11:16:41","01:11:40","+03:00","false","false"
"Finance","Quant finance (research)","2025-04-09","11:29:18","11:34:10","00:04:52","+03:00","false","false"
"Physics",,"2025-04-09","11:34:14","13:01:20","01:27:06","+03:00","false",
"Finance","Quant finance (research)","2025-04-09","14:53:53","15:02:33","00:08:40","+03:00","false","false"
"Finance","Quant finance (research)","2025-04-09","15:30:57","16:41:05","01:10:08","+03:00","false","false"
"Finance","Quant finance (research)","2025-04-09","15:34:45","15:35:10","00:00:25","+03:00","false","false"
"Finance","Quant finance (research)","2025-04-09","17:06:22","17:06:38","00:00:16","+03:00","false","false"
"Work",,"2025-04-09","17:06:42","17:36:57","00:30:15","+03:00","false",
"Finance","Quant finance (research)","2025-04-09","18:05:08","18:14:17","00:09:09","+03:00","false","false"
"Finance","Quant finance (research)","2025-04-09","19:57:38","20:02:45","00:05:07","+03:00","false","false"
"Work",,"2025-04-09","20:02:49","22:28:12","02:25:23","+03:00","false",
"Work",,"2025-04-09","22:35:05","22:50:08","00:15:03","+03:00","false",
"Finance","Quant finance (research)","2025-04-10","11:43:24","13:39:08","01:55:44","+03:00","false","false"
"Programming",,"2025-04-10","13:51:52","14:15:58","00:24:06","+03:00","false",
"Programming",,"2025-04-10","15:29:08","16:29:35","01:00:27","+03:00","false",
"Programming",,"2025-04-10","16:31:54","17:06:28","00:34:34","+03:00","false",
"Work",,"2025-04-10","18:57:22","19:01:50","00:04:28","+03:00","false",
"Work",,"2025-04-10","19:07:28","19:52:56","00:45:28","+03:00","false",
"Work",,"2025-04-10","20:15:20","21:29:24","01:14:04","+03:00","false",
"Work",,"2025-04-10","21:29:33","23:11:43","01:42:10","+03:00","false",
"Programming",,"2025-04-11","09:58:11","11:03:50","01:05:39","+03:00","false",
"Finance","Quant finance (research)","2025-04-11","11:20:47","11:43:20","00:22:33","+03:00","false","false"
"Work",,"2025-04-11","11:43:21","12:04:52","00:21:31","+03:00","false",
"Work",,"2025-04-11","12:04:53","12:04:55","00:00:02","+03:00","false",
"Finance","Quant finance (research)","2025-04-11","12:04:56","13:00:56","00:56:00","+03:00","false","false"
"General CS",,"2025-04-11","14:34:58","15:00:15","00:25:17","+03:00","false",
"General CS",,"2025-04-11","15:31:31","16:48:45","01:17:14","+03:00","false",
"Finance","Quant finance (research)","2025-04-11","16:51:53","17:41:46","00:49:53","+03:00","false","false"
"Finance","Quant finance (research)","2025-04-11","20:22:03","21:58:41","01:36:38","+03:00","false","false"
"Finance","Quant finance (research)","2025-04-12","11:09:43","11:15:35","00:05:52","+03:00","false","false"
"Finance","Quant finance (research)","2025-04-12","11:22:56","13:05:01","01:42:05","+03:00","false","false"
"Finance","Quant finance (research)","2025-04-12","13:10:42","14:18:35","01:07:53","+03:00","false","false"
"Finance","Quant finance (research)","2025-04-12","15:18:59","16:21:17","01:02:18","+03:00","false","false"
"Finance","Quant finance (research)","2025-04-12","16:24:19","16:36:01","00:11:42","+03:00","false","false"
"Finance","Quant finance (research)","2025-04-12","16:50:29","18:47:54","01:57:25","+03:00","false","false"
"Math","Stats","2025-04-12","18:47:57","19:44:02","00:56:05","+03:00","false","false"
"Finance","Quant finance (development)","2025-04-12","19:53:46","20:14:01","00:20:15","+03:00","false","false"
"Finance","Quant finance (development)","2025-04-12","20:38:38","20:46:36","00:07:58","+03:00","false","false"
"Finance","Quant finance (development)","2025-04-12","21:26:08","22:43:13","01:17:05","+03:00","false","false"
"Finance","Quant finance (development)","2025-04-12","23:20:32","23:58:30","00:37:58","+03:00","false","false"
"Finance","Quant finance (development)","2025-04-13","09:38:21","09:38:27","00:00:06","+03:00","false","false"
"Finance","Quant finance (research)","2025-04-13","09:38:29","09:45:23","00:06:54","+03:00","false","false"
"Work",,"2025-04-13","09:45:26","10:22:08","00:36:42","+03:00","false",
"Work",,"2025-04-13","10:22:09","12:13:07","01:50:58","+03:00","false",
"Work",,"2025-04-13","12:25:48","13:31:05","01:05:17","+03:00","false",
"Work",,"2025-04-13","14:38:33","16:36:47","01:58:14","+03:00","false",
"Math","Stats","2025-04-13","17:02:20","17:03:48","00:01:28","+03:00","false","false"
"Finance","Quant finance (development)","2025-04-13","17:03:50","17:53:03","00:49:13","+03:00","false","false"
"Math","Stats","2025-04-13","17:53:21","18:26:51","00:33:30","+03:00","false","false"
"Finance","Quant finance (development)","2025-04-13","18:26:53","18:27:45","00:00:52","+03:00","false","false"
"Finance","Quant finance (research)","2025-04-13","18:27:48","19:15:01","00:47:13","+03:00","false","false"
"Finance","Quant finance (research)","2025-04-13","19:55:52","20:08:36","00:12:44","+03:00","false","false"
"Math","Stats","2025-04-13","20:08:37","21:04:46","00:56:09","+03:00","false","false"
"Math","Stats","2025-04-13","21:05:00","21:13:23","00:08:23","+03:00","false","false"
"Work",,"2025-04-13","21:16:48","22:28:01","01:11:13","+03:00","false",
"Physics",,"2025-04-14","08:49:15","09:57:49","01:08:34","+03:00","false",
"Work",,"2025-04-14","09:57:50","10:38:01","00:40:11","+03:00","false",
"Physics",,"2025-04-14","11:33:09","12:51:28","01:18:19","+03:00","false",
"Finance","Quant finance (development)","2025-04-14","13:13:35","13:37:45","00:24:10","+03:00","false","false"
"Finance","Quant finance (development)","2025-04-14","13:41:22","15:04:07","01:22:45","+03:00","false","false"
"Finance","Quant finance (development)","2025-04-14","16:48:41","17:54:22","01:05:41","+03:00","false","false"
"Finance","Quant finance (development)","2025-04-14","18:14:48","18:19:10","00:04:22","+03:00","false","false"
"Finance","Quant finance (research)","2025-04-14","18:19:14","18:38:32","00:19:18","+03:00","false","false"
"Math","Stats","2025-04-14","18:38:34","18:42:08","00:03:34","+03:00","false","false"
"Math","Stats","2025-04-14","19:29:28","19:30:23","00:00:55","+03:00","false","false"
"Work",,"2025-04-14","21:06:40","23:29:43","02:23:03","+03:00","false",
"Math","Calc","2025-04-15","09:59:26","11:08:11","01:08:45","+03:00","false","false"
"Math","Calc","2025-04-15","11:33:07","12:57:51","01:24:44","+03:00","false","false"
"Finance","Quant finance (research)","2025-04-15","13:25:25","13:37:17","00:11:52","+03:00","false","false"
"Math","Stats","2025-04-15","15:05:29","15:12:07","00:06:38","+03:00","false","false"
"Math","Stats","2025-04-15","15:19:55","15:48:13","00:28:18","+03:00","false","false"
"Math","Stats","2025-04-15","16:22:08","17:42:19","01:20:11","+03:00","false","false"
"Work",,"2025-04-15","17:51:10","17:55:49","00:04:39","+03:00","false",
"Math","Stats","2025-04-15","18:21:55","18:29:19","00:07:24","+03:00","false","false"
"Math","Stats","2025-04-15","19:12:01","19:28:01","00:16:00","+03:00","false","false"
"Finance","Quant finance (development)","2025-04-15","19:28:07","19:28:10","00:00:03","+03:00","false","false"
"Programming",,"2025-04-15","19:28:12","19:48:38","00:20:26","+03:00","false",
"Work",,"2025-04-15","19:48:42","20:55:48","01:07:06","+03:00","false",
"Work",,"2025-04-15","21:09:34","21:12:50","00:03:16","+03:00","false",
"Work",,"2025-04-15","21:42:46","23:17:44","01:34:58","+03:00","false",
"Work",,"2025-04-16","09:04:32","09:19:38","00:15:06","+03:00","false",
"Math","Calc","2025-04-16","10:04:59","11:18:55","01:13:56","+03:00","false","false"
"Programming",,"2025-04-16","11:14:06","11:29:13","00:15:07","+03:00","false",
"Physics",,"2025-04-16","11:30:16","12:57:31","01:27:15","+03:00","false",
"Programming",,"2025-04-16","12:57:31","12:57:41","00:00:10","+03:00","false",
"Finance","Quant finance (development)","2025-04-16","16:47:56","16:51:59","00:04:03","+03:00","false","false"
"Math","Calc","2025-04-16","16:52:01","16:55:58","00:03:57","+03:00","false","false"
"Finance","Quant finance (research)","2025-04-16","16:56:02","17:43:09","00:47:07","+03:00","false","false"
"Finance","Quant finance (research)","2025-04-16","17:43:55","19:25:39","01:41:44","+03:00","false","false"
"Math","Stats","2025-04-16","20:38:37","21:27:56","00:49:19","+03:00","false","false"
"Programming",,"2025-04-17","08:04:04","08:22:17","00:18:13","+03:00","false",
"Math","Calc","2025-04-17","08:22:19","09:34:12","01:11:53","+03:00","false","false"
"Math","Calc","2025-04-17","10:02:55","11:24:55","01:22:00","+03:00","false","false"
"Finance","Quant finance (development)","2025-04-17","11:24:59","11:35:32","00:10:33","+03:00","false","false"
"Physics",,"2025-04-17","11:35:35","13:06:48","01:31:13","+03:00","false",
"Finance","Quant finance (development)","2025-04-17","15:39:02","16:54:31","01:15:29","+03:00","false","false"
"Math","Stats","2025-04-17","17:17:25","18:24:46","01:07:21","+03:00","false","false"
"Programming",,"2025-04-17","19:12:28","19:47:02","00:34:34","+03:00","false",
"Programming",,"2025-04-17","20:37:16","22:44:40","02:07:24","+03:00","false",
"Programming",,"2025-04-18","10:00:42","11:36:02","01:35:20","+03:00","false",
"Finance","Quant finance (development)","2025-04-18","11:36:04","14:23:13","02:47:09","+03:00","false","false"
"Math","Stats","2025-04-18","18:05:41","19:26:16","01:20:35","+03:00","false","false"
"Math","Stats","2025-04-18","19:40:51","20:18:40","00:37:49","+03:00","false","false"
"Math","Real Analysis","2025-04-18","20:35:35","21:35:44","01:00:09","+03:00","false","false"
"Math","Real Analysis","2025-04-18","21:36:20","22:00:48","00:24:28","+03:00","false","false"
"Math","Real Analysis","2025-04-19","09:48:57","11:43:37","01:54:40","+03:00","false","false"
"Math","Real Analysis","2025-04-19","11:59:30","12:40:34","00:41:04","+03:00","false","false"
"Math","Stats","2025-04-19","13:14:23","14:28:33","01:14:10","+03:00","false","false"
"Math","Stats","2025-04-19","14:41:28","15:02:12","00:20:44","+03:00","false","false"
"Math","Stats","2025-04-19","15:21:36","16:23:12","01:01:36","+03:00","false","false"
"Math","Stats","2025-04-19","16:39:24","16:56:56","00:17:32","+03:00","false","false"
"Math","Stats","2025-04-19","17:01:01","17:07:36","00:06:35","+03:00","false","false"
"Math","Stats","2025-04-19","18:04:01","18:05:38","00:01:37","+03:00","false","false"
"Math","Stats","2025-04-19","18:20:40","19:40:29","01:19:49","+03:00","false","false"
"Finance","Quant finance (development)","2025-04-19","19:56:51","20:26:56","00:30:05","+03:00","false","false"
"Finance","Quant finance (development)","2025-04-19","20:38:49","21:22:07","00:43:18","+03:00","false","false"
"Finance","Quant finance (development)","2025-04-19","21:58:46","22:26:55","00:28:09","+03:00","false","false"
"Finance","Quant finance (development)","2025-04-19","22:47:51","22:59:20","00:11:29","+03:00","false","false"
"Finance","Quant finance (development)","2025-04-20","08:52:09","08:57:44","00:05:35","+03:00","false","false"
"Finance","Quant finance (development)","2025-04-20","09:02:00","10:54:41","01:52:41","+03:00","false","false"
"Finance","Quant finance (development)","2025-04-20","11:30:39","12:54:46","01:24:07","+03:00","false","false"
"Finance","Quant finance (development)","2025-04-20","13:00:35","13:12:50","00:12:15","+03:00","false","false"
"Math","Stats","2025-04-20","13:18:11","13:25:47","00:07:36","+03:00","false","false"
"Math","Stats","2025-04-20","14:09:23","15:29:57","01:20:34","+03:00","false","false"
"Math","Stats","2025-04-20","15:41:31","16:51:38","01:10:07","+03:00","false","false"
"Finance","Quant finance (development)","2025-04-20","17:22:09","17:30:40","00:08:31","+03:00","false","false"
"Programming",,"2025-04-20","17:30:43","17:36:13","00:05:30","+03:00","false",
"Finance","Quant finance (development)","2025-04-20","17:36:14","17:46:35","00:10:21","+03:00","false","false"
"Math","Stats","2025-04-20","17:47:55","18:51:15","01:03:20","+03:00","false","false"
"Math","Measure theory","2025-04-20","18:51:19","19:21:04","00:29:45","+03:00","false","false"
"Programming",,"2025-04-20","19:35:45","20:33:57","00:58:12","+03:00","false",
"Math","Measure theory","2025-04-20","21:08:29","21:10:33","00:02:04","+03:00","false","false"
"Math","Measure theory","2025-04-20","21:14:28","22:11:27","00:56:59","+03:00","false","false"
"Math","Stats","2025-04-21","08:59:14","10:28:24","01:29:10","+03:00","false","false"
"Programming",,"2025-04-21","10:45:02","10:55:06","00:10:04","+03:00","false",
"Math","Measure theory","2025-04-21","11:50:53","12:20:24","00:29:31","+03:00","false","false"
"Math","Measure theory","2025-04-21","13:08:58","13:52:58","00:44:00","+03:00","false","false"
"Math","Measure theory","2025-04-22","09:32:04","10:05:52","00:33:48","+03:00","false","false"
"Work",,"2025-04-22","10:05:54","11:07:45","01:01:51","+03:00","false",
"Work",,"2025-04-22","11:08:08","13:05:33","01:57:25","+03:00","false",
"Work",,"2025-04-22","13:31:43","14:11:43","00:40:00","+03:00","false",
"Work",,"2025-04-22","14:11:55","15:51:26","01:39:31","+03:00","false",
"Work",,"2025-04-22","16:15:58","16:49:10","00:33:12","+03:00","false",
"Math","Measure theory","2025-04-22","18:18:44","18:38:54","00:20:10","+03:00","false","false"
"Math","Measure theory","2025-04-22","18:51:09","20:10:55","01:19:46","+03:00","false","false"
"Math","Measure theory","2025-04-22","20:49:38","21:44:39","00:55:01","+03:00","false","false"
"Finance","Quant finance (development)","2025-04-23","08:42:59","09:59:51","01:16:52","+03:00","false","false"
"Work",,"2025-04-23","09:59:52","12:12:07","02:12:15","+03:00","false",
"Work",,"2025-04-23","12:48:33","14:05:53","01:17:20","+03:00","false",
"Work",,"2025-04-23","14:57:31","15:31:47","00:34:16","+03:00","false",
"Finance","Quant finance (development)","2025-04-23","15:31:48","15:42:52","00:11:04","+03:00","false","false"
"Work",,"2025-04-23","15:42:54","16:00:54","00:18:00","+03:00","false",
"Finance","Quant finance (development)","2025-04-23","16:00:55","16:15:31","00:14:36","+03:00","false","false"
"Work",,"2025-04-23","16:15:33","17:13:15","00:57:42","+03:00","false",
"Finance","Quant finance (development)","2025-04-23","17:17:24","17:27:33","00:10:09","+03:00","false","false"
"Work",,"2025-04-23","17:27:34","17:48:43","00:21:09","+03:00","false",
"Finance","Quant finance (development)","2025-04-23","17:48:44","18:24:14","00:35:30","+03:00","false","false"
"Math","Stats","2025-04-23","19:46:18","20:33:18","00:47:00","+03:00","false","false"
"Finance","Quant finance (development)","2025-04-23","21:22:10","21:27:49","00:05:39","+03:00","false","false"
"Math","Stats","2025-04-23","21:27:50","22:11:14","00:43:24","+03:00","false","false"
"Work",,"2025-04-24","10:01:04","10:33:18","00:32:14","+03:00","false",
"Work",,"2025-04-24","10:47:44","12:18:12","01:30:28","+03:00","false",
"Physics",,"2025-04-24","12:58:44","13:05:26","00:06:42","+03:00","false",
"Math","Measure theory","2025-04-24","13:12:03","13:28:05","00:16:02","+03:00","false","false"
"Math","Measure theory","2025-04-24","14:26:43","16:22:17","01:55:34","+03:00","false","false"
"Math","Measure theory","2025-04-24","17:47:26","18:33:09","00:45:43","+03:00","false","false"
"Math","Measure theory","2025-04-24","19:01:33","19:01:34","00:00:01","+03:00","false","false"
"Math","Stats","2025-04-24","19:01:36","19:52:21","00:50:45","+03:00","false","false"
"Math","Stats","2025-04-24","19:58:07","20:04:06","00:05:59","+03:00","false","false"
"Math","Stats","2025-04-25","08:40:26","08:50:31","00:10:05","+03:00","false","false"
"Math","Stats","2025-04-25","08:56:21","09:43:14","00:46:53","+03:00","false","false"
"Math","Stats","2025-04-25","09:54:51","09:59:07","00:04:16","+03:00","false","false"
"Work",,"2025-04-25","09:59:16","10:32:52","00:33:36","+03:00","false",
"Work",,"2025-04-25","10:40:28","11:31:20","00:50:52","+03:00","false",
"Work",,"2025-04-25","11:52:05","12:26:29","00:34:24","+03:00","false",
"Work",,"2025-04-25","13:03:01","13:11:22","00:08:21","+03:00","false",
"Math","Stats","2025-04-25","13:27:34","13:39:55","00:12:21","+03:00","false","false"
"Math","Measure theory","2025-04-25","13:39:59","13:45:56","00:05:57","+03:00","false","false"
"Math","Measure theory","2025-04-25","13:59:34","14:01:41","00:02:07","+03:00","false","false"
"Math","Measure theory","2025-04-25","14:43:13","14:49:08","00:05:55","+03:00","false","false"
"Math","Measure theory","2025-04-25","14:58:19","15:52:43","00:54:24","+03:00","false","false"
"Math","Measure theory","2025-04-25","18:19:17","18:19:18","00:00:01","+03:00","false","false"
"Math","Stats","2025-04-25","18:19:19","18:20:57","00:01:38","+03:00","false","false"
"Finance","Quant finance (research)","2025-04-25","18:21:01","18:21:54","00:00:53","+03:00","false","false"
"Math","Stats","2025-04-25","18:21:55","18:38:33","00:16:38","+03:00","false","false"
"Math","Stats","2025-04-25","19:40:18","19:58:19","00:18:01","+03:00","false","false"
"Physics",,"2025-04-25","19:58:19","19:58:20","00:00:01","+03:00","false",
"Math","Stats","2025-04-25","19:58:24","20:25:54","00:27:30","+03:00","false","false"
"Finance","Quant finance (research)","2025-04-25","22:01:37","22:56:47","00:55:10","+03:00","false","false"
"Math","Stats","2025-04-26","09:09:46","09:50:55","00:41:09","+03:00","false","false"
"Math","Stats","2025-04-26","09:59:13","10:08:26","00:09:13","+03:00","false","false"
"Math","Stats","2025-04-26","10:57:51","11:12:44","00:14:53","+03:00","false","false"
"Math","Measure theory","2025-04-26","11:13:54","11:13:57","00:00:03","+03:00","false","false"
"Math","Measure theory","2025-04-26","13:41:17","13:59:25","00:18:08","+03:00","false","false"
"Math","Measure theory","2025-04-26","17:05:19","17:29:12","00:23:53","+03:00","false","false"
"Programming",,"2025-04-26","19:42:34","21:28:36","01:46:02","+03:00","false",
"Programming",,"2025-04-27","09:13:36","11:00:19","01:46:43","+03:00","false",
"Programming",,"2025-04-27","19:51:19","21:11:35","01:20:16","+03:00","false",
"Programming",,"2025-04-27","21:34:58","21:52:40","00:17:42","+03:00","false",
"Programming",,"2025-04-27","22:23:47","23:02:43","00:38:56","+03:00","false",
"Programming",,"2025-04-28","09:03:14","12:00:11","02:56:57","+03:00","false",
"Work",,"2025-04-28","12:00:15","12:06:27","00:06:12","+03:00","false",
"Programming",,"2025-04-28","12:21:59","12:31:43","00:09:44","+03:00","false",
"Physics",,"2025-04-28","13:22:47","13:22:51","00:00:04","+03:00","false",
"Physics",,"2025-04-28","13:23:00","14:28:20","01:05:20","+03:00","false",
"Physics",,"2025-04-28","14:37:40","15:30:02","00:52:22","+03:00","false",
"Finance","Quant finance (research)","2025-04-28","16:11:25","16:39:16","00:27:51","+03:00","false","false"
"Math",,"2025-04-28","16:39:20","16:39:21","00:00:01","+03:00","false",
"Math","Stats","2025-04-28","16:39:24","17:11:55","00:32:31","+03:00","false","false"
"Math","Stats","2025-04-28","17:18:41","17:30:57","00:12:16","+03:00","false","false"
"Math","Stats","2025-04-28","18:07:30","18:34:02","00:26:32","+03:00","false","false"
"General CS",,"2025-04-28","19:08:34","19:08:35","00:00:01","+03:00","false",
"Math","Stats","2025-04-28","20:45:20","21:12:18","00:26:58","+03:00","false","false"
"Physics",,"2025-04-29","08:49:00","09:09:06","00:20:06","+03:00","false",
"Math","Numerical Analysis","2025-04-29","10:01:31","11:18:25","01:16:54","+03:00","false","false"
"Programming",,"2025-04-29","11:28:09","11:36:29","00:08:20","+03:00","false",
"Math","Calc","2025-04-29","11:36:34","13:09:29","01:32:55","+03:00","false","false"
"Math","Stats","2025-04-29","16:38:38","16:38:51","00:00:13","+03:00","false","false"
"Math","Calc","2025-04-29","16:39:14","17:09:25","00:30:11","+03:00","false","false"
"Math","Stats","2025-04-29","17:33:05","18:24:28","00:51:23","+03:00","false","false"
"Math","Stats","2025-04-29","18:24:32","19:46:40","01:22:08","+03:00","false","false"
"Math","Stats","2025-04-29","20:22:11","20:22:19","00:00:08","+03:00","false","false"
"Math","Stats","2025-04-29","20:22:21","20:32:00","00:09:39","+03:00","false","false"
"Math","Stats","2025-04-29","21:08:18","21:08:20","00:00:02","+03:00","false","false"
"Math","Stats","2025-04-29","21:08:21","21:25:55","00:17:34","+03:00","false","false"
"Programming",,"2025-04-30","08:25:18","08:28:48","00:03:30","+03:00","false",
"Programming",,"2025-04-30","08:35:18","09:18:27","00:43:09","+03:00","false",
"Math","Calc","2025-04-30","09:56:42","11:23:06","01:26:24","+03:00","false","false"
"Math","Measure theory","2025-04-30","11:19:27","11:39:36","00:20:09","+03:00","false","false"
"Physics",,"2025-04-30","11:39:39","11:42:09","00:02:30","+03:00","false",
"Physics",,"2025-04-30","11:42:19","12:58:08","01:15:49","+03:00","false",
"Programming",,"2025-04-30","14:55:57","16:03:47","01:07:50","+03:00","false",
"Programming",,"2025-04-30","16:15:02","16:25:05","00:10:03","+03:00","false",
"Programming",,"2025-04-30","16:50:33","16:57:19","00:06:46","+03:00","false",
"Finance","Quant finance (development)","2025-04-30","17:20:00","19:18:36","01:58:36","+03:00","false","false"
"Math",,"2025-04-30","19:33:31","20:32:19","00:58:48","+03:00","false",
"Math",,"2025-04-30","20:46:57","21:02:02","00:15:05","+03:00","false",
"Programming",,"2025-05-01","12:27:49","14:48:16","02:20:27","+03:00","false",
"Programming",,"2025-05-01","15:06:39","16:04:16","00:57:37","+03:00","false",
"Programming",,"2025-05-01","16:19:25","16:24:45","00:05:20","+03:00","false",
"Programming",,"2025-05-01","16:43:32","18:21:05","01:37:33","+03:00","false",
"Programming",,"2025-05-01","18:42:08","19:15:31","00:33:23","+03:00","false",
"Math","Stats","2025-05-01","19:23:06","19:59:28","00:36:22","+03:00","false","false"
"Programming",,"2025-05-01","20:34:55","21:19:37","00:44:42","+03:00","false",
"Programming",,"2025-05-01","21:45:48","23:27:53","01:42:05","+03:00","false",
"Programming",,"2025-05-02","09:59:45","12:39:17","02:39:32","+03:00","false",
"Programming",,"2025-05-02","13:06:57","13:22:03","00:15:06","+03:00","false",
"Programming",,"2025-05-02","13:30:51","14:52:38","01:21:47","+03:00","false",
"Programming",,"2025-05-02","19:06:46","19:43:49","00:37:03","+03:00","false",
"Programming",,"2025-05-02","20:15:13","21:25:56","01:10:43","+03:00","false",
"Programming",,"2025-05-03","12:21:16","14:24:21","02:03:05","+03:00","false",
"Programming",,"2025-05-03","14:36:00","15:41:33","01:05:33","+03:00","false",
"Programming",,"2025-05-03","15:47:46","17:03:31","01:15:45","+03:00","false",
"Programming",,"2025-05-03","17:13:30","18:42:55","01:29:25","+03:00","false",
"Programming",,"2025-05-03","18:42:57","19:43:11","01:00:14","+03:00","false",
"Programming",,"2025-05-03","22:14:50","23:24:44","01:09:54","+03:00","false",
"Programming",,"2025-05-03","23:24:07","23:49:19","00:25:12","+03:00","false",
"Machine Learning",,"2025-05-04","11:17:22","11:24:15","00:06:53","+03:00","false",
"Machine Learning",,"2025-05-04","11:27:42","13:27:36","01:59:54","+03:00","false",
"Programming",,"2025-05-04","13:27:37","13:39:28","00:11:51","+03:00","false",
"Programming",,"2025-05-04","13:45:21","14:57:39","01:12:18","+03:00","false",
"Programming",,"2025-05-04","15:33:34","15:47:19","00:13:45","+03:00","false",
"Programming",,"2025-05-04","16:08:10","16:27:07","00:18:57","+03:00","false",
"Programming",,"2025-05-04","18:01:03","19:11:04","01:10:01","+03:00","false",
"Programming",,"2025-05-04","20:27:38","21:35:38","01:08:00","+03:00","false",
"Programming",,"2025-05-04","22:03:15","22:23:24","00:20:09","+03:00","false",
"Physics",,"2025-05-05","09:49:21","10:01:08","00:11:47","+03:00","false",
"Work",,"2025-05-05","10:02:20","10:27:45","00:25:25","+03:00","false",
"Programming",,"2025-05-05","10:27:47","10:47:51","00:20:04","+03:00","false",
"Physics",,"2025-05-05","11:36:57","13:08:48","01:31:51","+03:00","false",
"Programming",,"2025-05-05","13:08:50","14:33:30","01:24:40","+03:00","false",
"Programming",,"2025-05-05","17:33:53","20:00:58","02:27:05","+03:00","false",
"Programming",,"2025-05-05","20:02:22","20:35:19","00:32:57","+03:00","false",
"Work",,"2025-05-06","08:46:18","08:50:35","00:04:17","+03:00","false",
"Work",,"2025-05-06","09:00:49","09:10:54","00:10:05","+03:00","false",
"Math","Numerical Analysis","2025-05-06","10:00:27","11:36:47","01:36:20","+03:00","false","false"
"Programming",,"2025-05-06","11:36:49","13:06:33","01:29:44","+03:00","false",
"Programming",,"2025-05-06","13:11:49","14:31:49","01:20:00","+03:00","false",
"Programming",,"2025-05-06","17:30:31","19:09:43","01:39:12","+03:00","false",
"Programming",,"2025-05-06","19:22:34","21:19:46","01:57:12","+03:00","false",
"Math","Calc","2025-05-07","09:58:27","11:37:06","01:38:39","+03:00","false","false"
"Math","Calc","2025-05-07","10:23:24","10:23:25","00:00:01","+03:00","false","false"
"Physics",,"2025-05-07","11:53:55","12:53:48","00:59:53","+03:00","false",
"Work",,"2025-05-07","14:57:23","15:02:59","00:05:36","+03:00","false",
"General CS",,"2025-05-07","15:32:22","16:23:32","00:51:10","+03:00","false",
"Work",,"2025-05-07","17:07:30","17:18:51","00:11:21","+03:00","false",
"Work",,"2025-05-07","17:21:06","18:31:16","01:10:10","+03:00","false",
"Machine Learning",,"2025-05-07","20:16:55","21:16:16","00:59:21","+03:00","false",
"Programming",,"2025-05-07","21:16:20","23:14:27","01:58:07","+03:00","false",
"Programming",,"2025-05-08","08:12:58","09:12:27","00:59:29","+03:00","false",
"Math","Calc","2025-05-08","09:12:29","09:32:04","00:19:35","+03:00","false","false"
"Math","Calc","2025-05-08","09:57:21","11:16:42","01:19:21","+03:00","false","false"
"Physics",,"2025-05-08","11:37:01","12:54:27","01:17:26","+03:00","false",
"Math","Calc","2025-05-08","13:38:51","14:38:58","01:00:07","+03:00","false","false"
"Programming",,"2025-05-08","14:38:59","14:41:49","00:02:50","+03:00","false",
"Math","Calc","2025-05-08","14:41:49","15:00:19","00:18:30","+03:00","false","false"
"Programming",,"2025-05-08","19:30:48","19:47:18","00:16:30","+03:00","false",
"Work",,"2025-05-09","10:02:06","10:27:13","00:25:07","+03:00","false",
"Work",,"2025-05-09","11:37:26","11:57:01","00:19:35","+03:00","false",
"Work",,"2025-05-09","11:57:05","12:23:16","00:26:11","+03:00","false",
"Work",,"2025-05-09","12:25:43","12:54:29","00:28:46","+03:00","false",
"General CS",,"2025-05-09","13:09:09","13:24:27","00:15:18","+03:00","false",
"Work",,"2025-05-09","13:24:28","13:40:36","00:16:08","+03:00","false",
"Work",,"2025-05-09","13:46:10","14:34:59","00:48:49","+03:00","false",
"General CS",,"2025-05-09","17:10:39","17:43:30","00:32:51","+03:00","false",
"General CS",,"2025-05-09","17:45:18","18:05:29","00:20:11","+03:00","false",
"General CS",,"2025-05-09","18:34:03","18:59:09","00:25:06","+03:00","false",
"Programming",,"2025-05-09","20:46:21","21:31:08","00:44:47","+03:00","false",
"Programming","Vector db","2025-05-09","21:31:20","21:54:34","00:23:14","+03:00","false","false"
"Programming","Vector db","2025-05-10","10:44:00","11:21:25","00:37:25","+03:00","false","false"
"Programming","Vector db","2025-05-10","11:42:56","12:13:58","00:31:02","+03:00","false","false"
"General CS",,"2025-05-10","12:13:59","13:34:43","01:20:44","+03:00","false",
"General CS",,"2025-05-10","17:05:52","19:47:32","02:41:40","+03:00","false",
"General CS",,"2025-05-10","19:47:33","21:37:32","01:49:59","+03:00","false",
"Work",,"2025-05-11","12:08:39","14:31:38","02:22:59","+03:00","false",
"Programming",,"2025-05-11","14:40:37","14:53:32","00:12:55","+03:00","false",
"Programming",,"2025-05-11","14:59:09","15:38:52","00:39:43","+03:00","false",
"General CS",,"2025-05-11","16:12:37","16:21:54","00:09:17","+03:00","false",
"Programming",,"2025-05-11","16:21:55","17:59:45","01:37:50","+03:00","false",
"General CS",,"2025-05-11","18:14:35","18:20:25","00:05:50","+03:00","false",
"General CS",,"2025-05-11","18:50:16","19:29:13","00:38:57","+03:00","false",
"Programming",,"2025-05-11","19:29:14","20:10:54","00:41:40","+03:00","false",
"General CS",,"2025-05-11","20:10:55","21:37:54","01:26:59","+03:00","false",
"General CS",,"2025-05-11","21:53:41","21:55:53","00:02:12","+03:00","false",
"Work",,"2025-05-11","21:55:54","23:21:25","01:25:31","+03:00","false",
"Work",,"2025-05-12","10:00:25","10:30:39","00:30:14","+03:00","false",
"Physics",,"2025-05-12","10:31:55","11:00:56","00:29:01","+03:00","false",
"Physics",,"2025-05-12","11:41:39","12:32:01","00:50:22","+03:00","false",
"Programming",,"2025-05-12","12:32:02","12:54:26","00:22:24","+03:00","false",
"General CS",,"2025-05-12","13:30:25","14:50:53","01:20:28","+03:00","false",
"Math","Numerical Analysis","2025-05-12","17:39:28","19:08:10","01:28:42","+03:00","false","false"
"Math","Numerical Analysis","2025-05-12","19:19:35","21:16:59","01:57:24","+03:00","false","false"
"Math","Numerical Analysis","2025-05-12","21:22:00","21:44:38","00:22:38","+03:00","false","false"
"Math","Numerical Analysis","2025-05-13","09:58:14","11:25:40","01:27:26","+03:00","false","false"
"Math","Calc","2025-05-13","11:37:22","13:09:01","01:31:39","+03:00","false","false"
"Math","Calc","2025-05-13","16:07:08","17:09:12","01:02:04","+03:00","false","false"
"Math","Calc","2025-05-13","17:29:48","18:43:55","01:14:07","+03:00","false","false"
"Math","Calc","2025-05-13","19:28:06","19:39:41","00:11:35","+03:00","false","false"
"Work",,"2025-05-13","19:39:43","21:52:23","02:12:40","+03:00","false",
"Math","Calc","2025-05-14","08:48:15","09:04:38","00:16:23","+03:00","false","false"
"Math","Calc","2025-05-14","09:57:29","10:57:46","01:00:17","+03:00","false","false"
"Math","Calc","2025-05-14","11:11:19","11:27:08","00:15:49","+03:00","false","false"
"Programming",,"2025-05-14","14:28:44","16:51:35","02:22:51","+03:00","false",
"Programming",,"2025-05-14","17:39:22","18:19:41","00:40:19","+03:00","false",
"General CS",,"2025-05-14","20:20:13","21:11:42","00:51:29","+03:00","false",
"Programming",,"2025-05-14","21:11:45","23:31:25","02:19:40","+03:00","false",
"Programming",,"2025-05-15","08:13:24","11:25:50","03:12:26","+03:00","false",
"Physics",,"2025-05-15","12:13:29","13:03:52","00:50:23","+03:00","false",
"Programming",,"2025-05-15","15:34:05","16:59:41","01:25:36","+03:00","false",
"Physics",,"2025-05-15","17:11:23","17:11:26","00:00:03","+03:00","false",
"General CS",,"2025-05-15","20:44:15","22:13:56","01:29:41","+03:00","false",
"General CS",,"2025-05-16","08:30:14","09:40:13","01:09:59","+03:00","false",
"Programming",,"2025-05-16","14:43:28","15:29:40","00:46:12","+03:00","false",
"Programming",,"2025-05-16","17:12:53","18:15:56","01:03:03","+03:00","false",
"Programming",,"2025-05-16","20:02:46","22:33:44","02:30:58","+03:00","false",
"Physics",,"2025-05-17","12:37:54","14:31:33","01:53:39","+03:00","false",
"General CS",,"2025-05-17","14:31:34","15:07:27","00:35:53","+03:00","false",
"Physics",,"2025-05-17","15:13:02","15:32:21","00:19:19","+03:00","false",
"General CS","Performace oriented programming ","2025-05-17","15:32:43","15:36:07","00:03:24","+03:00","false","false"
"General CS","Performace oriented programming ","2025-05-17","16:36:34","17:01:51","00:25:17","+03:00","false","false"
"General CS","Performace oriented programming ","2025-05-17","17:43:13","18:01:28","00:18:15","+03:00","false","false"
"Programming",,"2025-05-17","18:27:44","18:42:50","00:15:06","+03:00","false",
"Programming",,"2025-05-17","18:47:55","19:08:07","00:20:12","+03:00","false",
"General CS","Performace oriented programming ","2025-05-17","19:15:48","19:20:27","00:04:39","+03:00","false","false"
"General CS",,"2025-05-17","19:20:31","20:24:19","01:03:48","+03:00","false",
"General CS",,"2025-05-17","21:32:45","22:29:35","00:56:50","+03:00","false",
"Work",,"2025-05-18","09:58:25","10:19:08","00:20:43","+03:00","false",
"General CS",,"2025-05-18","10:23:34","12:06:48","01:43:14","+03:00","false",
"Work",,"2025-05-18","12:24:38","12:58:05","00:33:27","+03:00","false",
"General CS","Performace oriented programming ","2025-05-18","13:28:20","14:48:06","01:19:46","+03:00","false","false"
"General CS","Performace oriented programming ","2025-05-18","15:00:38","15:10:43","00:10:05","+03:00","false","false"
"General CS","Performace oriented programming ","2025-05-18","18:42:58","19:34:32","00:51:34","+03:00","false","false"
"General CS","Performace oriented programming ","2025-05-18","20:36:49","21:39:00","01:02:11","+03:00","false","false"
"Work",,"2025-05-19","09:33:17","10:24:40","00:51:23","+03:00","false",
"Math","Complex Analysis","2025-05-19","10:51:47","11:03:02","00:11:15","+03:00","false","false"
"Math","Complex Analysis","2025-05-19","13:20:31","14:21:19","01:00:48","+03:00","false","false"
"Work",,"2025-05-19","14:21:20","14:36:18","00:14:58","+03:00","false",
"Math","Complex Analysis","2025-05-19","14:36:19","16:24:31","01:48:12","+03:00","false","false"
"General CS","Performace oriented programming ","2025-05-19","17:54:12","18:45:16","00:51:04","+03:00","false","false"
"General CS","Performace oriented programming ","2025-05-19","19:08:22","19:59:53","00:51:31","+03:00","false","false"
"Math","Complex Analysis","2025-05-19","20:10:31","20:14:40","00:04:09","+03:00","false","false"
"Math","Complex Analysis","2025-05-19","20:30:29","21:14:42","00:44:13","+03:00","false","false"
"General CS","Performace oriented programming ","2025-05-20","10:10:21","10:10:23","00:00:02","+03:00","false","false"
"Math","Numerical Analysis","2025-05-20","10:10:23","12:57:42","02:47:19","+03:00","false","false"
"Physics",,"2025-05-20","13:14:03","13:25:56","00:11:53","+03:00","false",
"Physics",,"2025-05-20","19:49:36","20:52:43","01:03:07","+03:00","false",
"Physics",,"2025-05-20","21:14:39","21:20:59","00:06:20","+03:00","false",
"Physics",,"2025-05-20","21:25:30","22:11:07","00:45:37","+03:00","false",
"Physics",,"2025-05-20","22:26:19","22:36:24","00:10:05","+03:00","false",
"Physics",,"2025-05-21","08:29:51","09:15:02","00:45:11","+03:00","false",
"Physics",,"2025-05-21","09:51:51","13:07:47","03:15:56","+03:00","false",
"Math","Complex Analysis","2025-05-21","15:52:35","16:00:50","00:08:15","+03:00","false","false"
"Math","Complex Analysis","2025-05-21","16:10:27","16:53:33","00:43:06","+03:00","false","false"
"Math","Complex Analysis","2025-05-21","17:56:32","18:19:34","00:23:02","+03:00","false","false"
"Math","Complex Analysis","2025-05-21","21:04:50","22:02:38","00:57:48","+03:00","false","false"
"Math","Complex Analysis","2025-05-22","08:16:01","11:15:42","02:59:41","+03:00","false","false"
"Work",,"2025-05-22","16:53:57","17:52:17","00:58:20","+03:00","false",
"General CS",,"2025-05-22","19:56:24","21:16:33","01:20:09","+03:00","false",
"General CS",,"2025-05-22","22:04:23","23:43:14","01:38:51","+03:00","false",
"General CS",,"2025-05-23","10:30:43","11:09:58","00:39:15","+03:00","false",
"Math","Numerical Analysis","2025-05-23","11:33:31","12:47:27","01:13:56","+03:00","false","false"
"General CS",,"2025-05-23","15:49:09","20:40:22","04:51:13","+03:00","false",
"General CS",,"2025-05-23","21:07:50","21:22:58","00:15:08","+03:00","false",
"General CS",,"2025-05-24","12:25:04","13:05:10","00:40:06","+03:00","false",
"Math","Numerical Analysis","2025-05-24","19:33:36","21:54:27","02:20:51","+03:00","false","false"
"Math","Numerical Analysis","2025-05-25","11:24:14","13:12:29","01:48:15","+03:00","false","false"
"Math","Numerical Analysis","2025-05-25","13:47:18","14:26:50","00:39:32","+03:00","false","false"
"Math",,"2025-05-25","14:56:45","15:06:49","00:10:04","+03:00","false",
"Math",,"2025-05-25","15:28:42","15:28:47","00:00:05","+03:00","false",
"Math","Numerical Analysis","2025-05-25","15:28:48","15:54:59","00:26:11","+03:00","false","false"
"General CS","Performace oriented programming ","2025-05-25","16:41:23","17:47:39","01:06:16","+03:00","false","false"
"General CS","Performace oriented programming ","2025-05-25","18:08:14","18:16:40","00:08:26","+03:00","false","false"
"General CS","Performace oriented programming ","2025-05-25","19:23:52","19:49:07","00:25:15","+03:00","false","false"
"Physics",,"2025-05-25","21:50:35","22:20:50","00:30:15","+03:00","false",
"General CS","Performace oriented programming ","2025-05-25","22:21:06","22:23:50","00:02:44","+03:00","false","false"
"Work",,"2025-05-26","10:01:21","10:31:34","00:30:13","+03:00","false",
"General CS",,"2025-05-26","11:01:01","11:52:13","00:51:12","+03:00","false",
"Work",,"2025-05-26","12:42:51","12:52:57","00:10:06","+03:00","false",
"General CS",,"2025-05-26","13:21:32","13:21:33","00:00:01","+03:00","false",
"Physics",,"2025-05-26","13:21:35","13:49:39","00:28:04","+03:00","false",
"Work",,"2025-05-26","14:14:17","15:39:34","01:25:17","+03:00","false",
"Work",,"2025-05-26","17:54:42","18:29:38","00:34:56","+03:00","false",
"Physics",,"2025-05-26","19:32:49","20:05:09","00:32:20","+03:00","false",
"Physics",,"2025-05-26","21:28:38","23:10:15","01:41:37","+03:00","false",
"Physics",,"2025-05-27","09:00:47","10:53:57","01:53:10","+03:00","false",
"Work",,"2025-05-27","15:19:20","15:39:21","00:20:01","+03:00","false",
"Math","Numerical Analysis","2025-05-27","15:48:11","18:31:11","02:43:00","+03:00","false","false"
"Math","Numerical Analysis","2025-05-27","18:39:06","19:29:25","00:50:19","+03:00","false","false"
"Math","Numerical Analysis","2025-05-27","19:37:52","20:06:58","00:29:06","+03:00","false","false"
"Work",,"2025-05-27","22:00:03","23:04:54","01:04:51","+03:00","false",
"Work",,"2025-05-28","09:47:56","11:34:50","01:46:54","+03:00","false",
"Math","Numerical Analysis","2025-05-28","12:45:58","13:10:07","00:24:09","+03:00","false","false"
"Math","Numerical Analysis","2025-05-28","14:02:14","15:51:36","01:49:22","+03:00","false","false"
"Math","Numerical Analysis","2025-05-28","20:24:34","20:50:20","00:25:46","+03:00","false","false"
"General CS","Performace oriented programming ","2025-05-28","20:50:24","21:12:31","00:22:07","+03:00","false","false"
"Work",,"2025-05-29","11:22:11","12:04:28","00:42:17","+03:00","false",
"Math","Numerical Analysis","2025-05-29","13:52:18","14:07:58","00:15:40","+03:00","false","false"
"Math","Numerical Analysis","2025-05-29","14:11:17","15:02:21","00:51:04","+03:00","false","false"
"Math","Numerical Analysis","2025-05-29","15:13:59","15:50:24","00:36:25","+03:00","false","false"
"Math","Numerical Analysis","2025-05-29","16:17:12","16:38:40","00:21:28","+03:00","false","false"
"Work",,"2025-05-30","09:32:35","12:14:39","02:42:04","+03:00","false",
"Math","Numerical Analysis","2025-05-30","16:37:08","17:35:31","00:58:23","+03:00","false","false"
"Math","Calc","2025-05-30","19:37:14","20:05:21","00:28:07","+03:00","false","false"
"Math","Calc","2025-05-31","11:03:46","12:12:16","01:08:30","+03:00","false","false"
"Programming","Yttria","2025-06-01","09:02:46","09:42:52","00:40:06","+03:00","false","false"
"Programming","Yttria","2025-06-01","10:20:53","10:50:27","00:29:34","+03:00","false","false"
"Programming","Yttria","2025-06-01","11:04:46","11:49:14","00:44:28","+03:00","false","false"
"Programming","Yttria","2025-06-01","12:53:58","13:22:35","00:28:37","+03:00","false","false"
"Programming","Yttria","2025-06-01","14:58:14","15:42:35","00:44:21","+03:00","false","false"
"Programming","Yttria","2025-06-01","16:00:09","16:50:08","00:49:59","+03:00","false","false"
"Math","Calc","2025-06-01","17:22:53","18:09:47","00:46:54","+03:00","false","false"
"Math","Calc","2025-06-01","18:36:52","19:27:15","00:50:23","+03:00","false","false"
"Math","Calc","2025-06-01","20:36:01","20:36:02","00:00:01","+03:00","false","false"
"Programming","Yttria","2025-06-01","20:36:03","22:05:59","01:29:56","+03:00","false","false"
"Math","Calc","2025-06-02","09:30:30","10:00:36","00:30:06","+03:00","false","false"
"Work",,"2025-06-02","10:00:43","10:27:36","00:26:53","+03:00","false",
"Math","Calc","2025-06-02","11:15:07","11:35:24","00:20:17","+03:00","false","false"
"Math","Calc","2025-06-02","12:17:14","14:16:47","01:59:33","+03:00","false","false"
"Math","Numerical Analysis","2025-06-02","15:41:32","16:58:09","01:16:37","+03:00","false","false"
"Math","Calc","2025-06-02","17:33:01","17:51:54","00:18:53","+03:00","false","false"
"Math","Calc","2025-06-02","18:10:52","18:23:30","00:12:38","+03:00","false","false"
"Math","Calc","2025-06-02","18:52:28","20:32:43","01:40:15","+03:00","false","false"
"Math","Calc","2025-06-02","20:36:47","21:01:51","00:25:04","+03:00","false","false"
"Math","Calc","2025-06-03","10:18:19","10:53:26","00:35:07","+03:00","false","false"
"Math","Calc","2025-06-03","11:01:06","11:06:09","00:05:03","+03:00","false","false"
"Math","Calc","2025-06-03","12:00:45","13:30:49","01:30:04","+03:00","false","false"
"Math","Numerical Analysis","2025-06-03","15:28:36","17:01:54","01:33:18","+03:00","false","false"
"Math","Numerical Analysis","2025-06-03","17:43:42","18:46:18","01:02:36","+03:00","false","false"
"Math","Numerical Analysis","2025-06-03","19:11:13","19:40:19","00:29:06","+03:00","false","false"
"Math","Numerical Analysis","2025-06-03","20:10:51","23:23:20","03:12:29","+03:00","false","false"
"Math","Numerical Analysis","2025-06-03","20:16:58","20:23:53","00:06:55","+03:00","false","false"
"Math","Numerical Analysis","2025-06-04","10:26:22","10:59:32","00:33:10","+03:00","false","false"
"Programming","Yttria","2025-06-04","13:13:12","15:02:43","01:49:31","+03:00","false","false"
"Programming","Yttria","2025-06-04","18:31:34","19:51:20","01:19:46","+03:00","false","false"
"Math","Numerical Analysis","2025-06-04","22:00:58","22:26:10","00:25:12","+03:00","false","false"
"Math","Numerical Analysis","2025-06-05","12:52:05","13:33:10","00:41:05","+03:00","false","false"
"Math","Numerical Analysis","2025-06-05","16:37:43","18:23:30","01:45:47","+03:00","false","false"
"Math","Numerical Analysis","2025-06-05","18:37:06","18:49:51","00:12:45","+03:00","false","false"
"Math","Numerical Analysis","2025-06-06","09:02:25","10:42:35","01:40:10","+03:00","false","false"
"Programming","Yttria","2025-06-07","12:18:35","12:25:00","00:06:25","+03:00","false","false"
"General CS","Performace oriented programming ","2025-06-07","12:25:04","12:25:05","00:00:01","+03:00","false","false"
"General CS","C++ software design","2025-06-07","12:25:21","13:43:07","01:17:46","+03:00","false","false"
"General CS","C++ software design","2025-06-07","16:10:19","18:42:37","02:32:18","+03:00","false","false"
"Programming","Yttria","2025-06-07","20:54:41","23:20:19","02:25:38","+03:00","false","false"
"Programming","Yttria","2025-06-08","15:57:43","17:26:26","01:28:43","+03:00","false","false"
"Programming","Yttria","2025-06-08","17:36:22","18:01:38","00:25:16","+03:00","false","false"
"Programming","Yttria","2025-06-08","18:05:08","19:20:45","01:15:37","+03:00","false","false"
"Programming","Yttria","2025-06-08","20:37:03","23:03:59","02:26:56","+03:00","false","false"
"Work",,"2025-06-09","09:01:52","09:52:00","00:50:08","+03:00","false",
"Work",,"2025-06-09","10:01:40","10:16:47","00:15:07","+03:00","false",
"General CS","DSA","2025-06-09","11:13:20","11:35:38","00:22:18","+03:00","false","false"
"General CS","DSA","2025-06-09","12:14:28","14:52:29","02:38:01","+03:00","false","false"
"Work",,"2025-06-09","14:52:32","15:38:09","00:45:37","+03:00","false",
"Programming","Yttria","2025-06-09","18:02:37","18:46:24","00:43:47","+03:00","false","false"
"Programming","Yttria","2025-06-09","20:15:01","21:14:11","00:59:10","+03:00","false","false"
"General CS","DSA","2025-06-10","10:21:15","10:26:26","00:05:11","+03:00","false","false"
"Programming","Yttria","2025-06-10","13:00:58","14:10:00","01:09:02","+03:00","false","false"
"Programming","Yttria","2025-06-10","17:35:18","18:21:17","00:45:59","+03:00","false","false"
"General CS","Performace oriented programming ","2025-06-10","18:21:21","19:34:38","01:13:17","+03:00","false","false"
"General CS","Performace oriented programming ","2025-06-11","13:17:10","14:14:32","00:57:22","+03:00","false","false"
"General CS","Performace oriented programming ","2025-06-11","16:39:29","19:26:41","02:47:12","+03:00","false","false"
"General CS","Performace oriented programming ","2025-06-11","21:06:34","22:03:57","00:57:23","+03:00","false","false"
"Work",,"2025-06-12","09:06:02","11:59:23","02:53:21","+03:00","false",
"Math","Complex Analysis","2025-06-12","13:38:27","13:43:03","00:04:36","+03:00","false","false"
"Math","Complex Analysis","2025-06-12","14:11:35","16:16:01","02:04:26","+03:00","false","false"
"Math","Complex Analysis","2025-06-12","17:30:56","17:56:01","00:25:05","+03:00","false","false"
"Math","Complex Analysis","2025-06-12","17:56:15","18:18:35","00:22:20","+03:00","false","false"
"General CS","Performace oriented programming ","2025-06-12","20:25:48","20:33:53","00:08:05","+03:00","false","false"
"General CS","Performace oriented programming ","2025-06-12","21:03:51","21:32:39","00:28:48","+03:00","false","false"
"Math","Complex Analysis","2025-06-13","09:39:09","11:00:07","01:20:58","+03:00","false","false"
"Math","Complex Analysis","2025-06-13","12:00:03","12:45:10","00:45:07","+03:00","false","false"
"General CS","Performace oriented programming ","2025-06-14","11:56:07","12:15:39","00:19:32","+03:00","false","false"
"General CS","Performace oriented programming ","2025-06-14","12:18:55","13:18:05","00:59:10","+03:00","false","false"
"General CS","Performace oriented programming ","2025-06-14","13:40:11","15:17:46","01:37:35","+03:00","false","false"
"Programming","Yttria","2025-06-14","16:43:48","17:16:48","00:33:00","+03:00","false","false"
"General CS","Performace oriented programming ","2025-06-14","17:19:37","18:01:50","00:42:13","+03:00","false","false"
"Programming","Yttria","2025-06-14","20:09:55","20:24:25","00:14:30","+03:00","false","false"
"Programming","Yttria","2025-06-14","21:20:22","21:52:20","00:31:58","+03:00","false","false"
"Programming","Yttria","2025-06-14","21:52:24","22:01:10","00:08:46","+03:00","false","false"
"General CS","Performace oriented programming ","2025-06-14","22:01:12","22:16:53","00:15:41","+03:00","false","false"
"General CS","Performace oriented programming ","2025-06-15","21:12:10","22:11:18","00:59:08","+03:00","false","false"
"Work",,"2025-06-16","07:57:43","11:51:31","03:53:48","+03:00","false",
"Work",,"2025-06-16","12:46:19","14:15:42","01:29:23","+03:00","false",
"Work",,"2025-06-16","14:39:40","15:11:24","00:31:44","+03:00","false",
"General CS","Performace oriented programming ","2025-06-16","17:24:32","18:39:07","01:14:35","+03:00","false","false"
"General CS","Performace oriented programming ","2025-06-16","19:11:58","20:02:00","00:50:02","+03:00","false","false"
"General CS","Performace oriented programming ","2025-06-16","20:38:34","20:38:35","00:00:01","+03:00","false","false"
"Programming","Yttria","2025-06-16","20:38:38","20:47:27","00:08:49","+03:00","false","false"
"Programming","Yttria","2025-06-16","21:28:20","22:09:54","00:41:34","+03:00","false","false"
"Work",,"2025-06-17","14:19:56","14:50:38","00:30:42","+03:00","false",
"Work",,"2025-06-17","15:39:41","18:03:11","02:23:30","+03:00","false",
"Programming","Yttria","2025-06-17","19:51:15","20:54:18","01:03:03","+03:00","false","false"
"Programming","Yttria","2025-06-18","09:38:09","09:52:06","00:13:57","+03:00","false","false"
"Programming","Yttria","2025-06-18","10:29:07","12:18:33","01:49:26","+03:00","false","false"
"Programming","Yttria","2025-06-18","12:27:47","14:24:10","01:56:23","+03:00","false","false"
"Programming","Yttria","2025-06-18","14:42:23","14:54:04","00:11:41","+03:00","false","false"
"Machine Learning",,"2025-06-18","16:16:45","16:16:47","00:00:02","+03:00","false",
"General CS",,"2025-06-18","16:16:52","16:51:45","00:34:53","+03:00","false",
"General CS",,"2025-06-18","16:51:47","17:22:22","00:30:35","+03:00","false",
"General CS",,"2025-06-18","18:05:14","18:25:21","00:20:07","+03:00","false",
"Programming","Yttria","2025-06-18","20:57:16","22:07:42","01:10:26","+03:00","false","false"
"Work",,"2025-06-19","10:03:03","10:42:17","00:39:14","+03:00","false",
"Work",,"2025-06-19","13:10:20","14:12:03","01:01:43","+03:00","false",
"Work",,"2025-06-19","17:30:06","17:30:11","00:00:05","+03:00","false",
"Work","Klotz-429","2025-06-19","17:31:02","18:25:46","00:54:44","+03:00","false","false"
"Work",,"2025-06-19","18:29:12","18:39:45","00:10:33","+03:00","false",
"General CS","Performace oriented programming ","2025-06-19","19:46:13","20:05:23","00:19:10","+03:00","false","false"
"General CS","Performace oriented programming ","2025-06-19","20:35:00","21:06:37","00:31:37","+03:00","false","false"
"Programming","Yttria","2025-06-21","08:55:23","09:39:42","00:44:19","+03:00","false","false"
"Programming","Yttria","2025-06-21","10:12:58","11:09:33","00:56:35","+03:00","false","false"
"General CS","Performace oriented programming ","2025-06-22","10:43:22","11:48:36","01:05:14","+03:00","false","false"
"General CS","Performace oriented programming ","2025-06-22","13:08:03","14:57:29","01:49:26","+03:00","false","false"
"General CS","Performace oriented programming ","2025-06-22","16:44:14","17:27:51","00:43:37","+03:00","false","false"
"General CS","Performace oriented programming ","2025-06-22","17:43:54","18:23:44","00:39:50","+03:00","false","false"
"Work",,"2025-06-23","09:00:35","10:38:16","01:37:41","+03:00","false",
"Work",,"2025-06-23","10:58:31","11:07:41","00:09:10","+03:00","false",
"Work",,"2025-06-23","11:14:03","11:29:08","00:15:05","+03:00","false",
"Work",,"2025-06-23","11:31:36","12:41:33","01:09:57","+03:00","false",
"Work",,"2025-06-23","14:20:16","14:20:18","00:00:02","+03:00","false",
"Work","KLOTZ-417","2025-06-23","14:21:05","15:19:35","00:58:30","+03:00","false","false"
"Work","KLOTZ-417","2025-06-23","15:30:05","16:43:31","01:13:26","+03:00","false","false"
"Work","KLOTZ-417","2025-06-23","16:52:49","17:19:58","00:27:09","+03:00","false","false"
"General CS","Performace oriented programming ","2025-06-23","20:09:54","21:18:39","01:08:45","+03:00","false","false"
"General CS","Performace oriented programming ","2025-06-23","22:12:39","22:39:55","00:27:16","+03:00","false","false"
"General CS","Performace oriented programming ","2025-06-23","22:48:23","22:57:19","00:08:56","+03:00","false","false"
"General CS","Performace oriented programming ","2025-06-24","09:37:07","09:55:14","00:18:07","+03:00","false","false"
"Work",,"2025-06-24","10:01:27","11:04:05","01:02:38","+03:00","false",
"Work",,"2025-06-24","11:04:07","11:04:08","00:00:01","+03:00","false",
"Work","KLOTZ-417","2025-06-24","11:04:12","11:56:47","00:52:35","+03:00","false","false"
"Work","KLOTZ-417","2025-06-24","14:10:00","15:12:23","01:02:23","+03:00","false","false"
"Work","KLOTZ-417","2025-06-24","15:12:33","17:10:59","01:58:26","+03:00","false","false"
"Work","KLOTZ-417","2025-06-24","17:48:22","18:34:14","00:45:52","+03:00","false","false"
"Work","KLOTZ-417","2025-06-24","18:46:58","19:32:07","00:45:09","+03:00","false","false"
"Work","KLOTZ-417","2025-06-24","19:32:05","19:56:43","00:24:38","+03:00","false","false"
"General CS","Performace oriented programming ","2025-06-24","20:18:50","20:26:16","00:07:26","+03:00","false","false"
"General CS","Performace oriented programming ","2025-06-24","20:27:21","21:01:19","00:33:58","+03:00","false","false"
"Work","KLOTZ-417","2025-06-25","09:28:41","10:01:59","00:33:18","+03:00","false","false"
"Work",,"2025-06-25","10:00:09","11:17:35","01:17:26","+03:00","false",
"Work","KLOTZ-417","2025-06-25","12:31:12","13:51:58","01:20:46","+03:00","false","false"
"Work","KLOTZ-417","2025-06-25","15:13:28","17:07:00","01:53:32","+03:00","false","false"
"General CS","Performace oriented programming ","2025-06-25","17:30:37","17:32:15","00:01:38","+03:00","false","false"
"General CS","Performace oriented programming ","2025-06-25","17:59:49","18:25:17","00:25:28","+03:00","false","false"
"General CS","Performace oriented programming ","2025-06-25","18:38:21","19:23:23","00:45:02","+03:00","false","false"
"General CS",,"2025-06-25","19:08:27","19:23:44","00:15:17","+03:00","false",
"General CS","Performace oriented programming ","2025-06-25","19:23:15","19:23:20","00:00:05","+03:00","false","false"
"General CS","Performace oriented programming ","2025-06-25","19:26:28","19:57:20","00:30:52","+03:00","false","false"
"General CS","Performace oriented programming ","2025-06-25","20:05:07","20:56:31","00:51:24","+03:00","false","false"
"Work","Meeting","2025-06-26","10:04:42","11:52:35","01:47:53","+03:00","false","false"
"Programming","Competitive programming ","2025-06-26","11:53:00","12:02:07","00:09:07","+03:00","false","false"
"Work","KLOTZ-417","2025-06-26","12:53:38","14:09:00","01:15:22","+03:00","false","false"
"Work","KLOTZ-417","2025-06-26","15:27:14","15:50:05","00:22:51","+03:00","false","false"
"Work","KLOTZ-417","2025-06-26","16:14:15","17:00:44","00:46:29","+03:00","false","false"
"Programming",,"2025-06-26","18:24:16","20:36:03","02:11:47","+03:00","false",
"Work","Meeting","2025-06-27","10:03:26","10:48:12","00:44:46","+03:00","false","false"
"Work","KLOTZ-417","2025-06-27","10:53:45","16:00:02","05:06:17","+03:00","false","false"
"Work","KLOTZ-417","2025-06-27","16:11:22","16:21:31","00:10:09","+03:00","false","false"
"Work","KLOTZ-417","2025-06-27","16:30:01","16:50:13","00:20:12","+03:00","false","false"
"Work","KLOTZ-417","2025-06-27","16:51:29","16:51:32","00:00:03","+03:00","false","false"
"Programming",,"2025-06-27","19:54:01","21:15:09","01:21:08","+03:00","false",
"Programming",,"2025-06-28","12:34:17","14:35:25","02:01:08","+03:00","false",
"General CS","Performace oriented programming ","2025-06-28","14:35:30","15:53:17","01:17:47","+03:00","false","false"
"General CS","Performace oriented programming ","2025-06-28","16:22:28","16:51:58","00:29:30","+03:00","false","false"
"General CS","Performace oriented programming ","2025-06-28","18:11:34","19:43:09","01:31:35","+03:00","false","false"
"General CS","Performace oriented programming ","2025-06-28","20:29:37","21:28:21","00:58:44","+03:00","false","false"
"Programming",,"2025-06-29","11:57:47","12:00:07","00:02:20","+03:00","false",
"General CS","Performace oriented programming ","2025-06-29","12:00:09","14:20:47","02:20:38","+03:00","false","false"
"General CS","Performace oriented programming ","2025-06-29","16:44:09","16:58:29","00:14:20","+03:00","false","false"
"General CS","Performace oriented programming ","2025-06-29","19:02:56","20:44:32","01:41:36","+03:00","false","false"
"General CS","Performace oriented programming ","2025-06-29","20:56:26","21:43:36","00:47:10","+03:00","false","false"
"Work",,"2025-06-30","10:13:19","10:13:21","00:00:02","+03:00","false",
"Work","SCHOCH-1364","2025-06-30","10:13:24","11:00:20","00:46:56","+03:00","false","false"
"Work","SCHOCH-1364","2025-06-30","11:00:50","12:41:51","01:41:01","+03:00","false","false"
"Work","SCHOCH-1364","2025-06-30","13:06:02","13:37:30","00:31:28","+03:00","false","false"
"Work","SCHOCH-1364","2025-06-30","13:43:36","13:53:31","00:09:55","+03:00","false","false"
"Work","SCHOCH-1364","2025-06-30","15:23:44","15:29:35","00:05:51","+03:00","false","false"
"Work","SCHOCH-1364","2025-06-30","15:33:22","15:47:20","00:13:58","+03:00","false","false"
"Programming","Competitive programming ","2025-06-30","15:47:23","16:20:51","00:33:28","+03:00","false","false"
"Programming","Competitive programming ","2025-06-30","16:28:47","16:54:13","00:25:26","+03:00","false","false"
"General CS","Performace oriented programming ","2025-06-30","17:18:53","18:39:05","01:20:12","+03:00","false","false"
"General CS","Performace oriented programming ","2025-06-30","19:29:33","21:06:35","01:37:02","+03:00","false","false"
"Work",,"2025-07-01","09:01:45","10:01:26","00:59:41","+03:00","false",
"Work","Meeting","2025-07-01","10:00:55","10:51:53","00:50:58","+03:00","false","false"
"Work",,"2025-07-01","10:41:41","10:41:43","00:00:02","+03:00","false",
"Work","SCHOCH-1364","2025-07-01","11:43:39","11:43:58","00:00:19","+03:00","false","false"
"Work","SCHOCH-1364","2025-07-01","11:45:21","12:07:57","00:22:36","+03:00","false","false"
"Work","SCHOCH-1364","2025-07-01","12:10:48","12:48:09","00:37:21","+03:00","false","false"
"Work","SCHOCH-1364","2025-07-01","12:58:57","13:32:51","00:33:54","+03:00","false","false"
"Work","SCHOCH-1364","2025-07-01","15:52:27","15:59:46","00:07:19","+03:00","false","false"
"General CS","Performace oriented programming ","2025-07-01","16:16:53","16:19:06","00:02:13","+03:00","false","false"
"General CS",,"2025-07-01","16:34:17","16:45:06","00:10:49","+03:00","false",
"General CS","Performace oriented programming ","2025-07-01","16:45:07","18:01:34","01:16:27","+03:00","false","false"
"General CS","Performace oriented programming ","2025-07-01","18:03:45","18:33:28","00:29:43","+03:00","false","false"
"Work",,"2025-07-01","20:12:45","21:59:54","01:47:09","+03:00","false",
"General CS","Performace oriented programming ","2025-07-01","22:10:22","22:21:40","00:11:18","+03:00","false","false"
"General CS","Performace oriented programming ","2025-07-01","22:29:06","23:16:29","00:47:23","+03:00","false","false"
"Work","Schoch-1379","2025-07-02","09:52:16","10:01:05","00:08:49","+03:00","false","false"
"Work","Meeting","2025-07-02","10:01:13","10:28:37","00:27:24","+03:00","false","false"
"Work","Schoch-1379","2025-07-02","11:06:37","12:03:08","00:56:31","+03:00","false","false"
"Work","Schoch-1379","2025-07-02","14:00:37","14:48:07","00:47:30","+03:00","false","false"
"Work",,"2025-07-02","14:55:50","18:33:36","03:37:46","+03:00","false",
"Work",,"2025-07-02","19:19:58","19:22:36","00:02:38","+03:00","false",
"General CS","Performace oriented programming ","2025-07-02","19:53:27","22:04:12","02:10:45","+03:00","false","false"
"Work","Meeting","2025-07-03","10:02:04","10:26:26","00:24:22","+03:00","false","false"
"General CS","Performace oriented programming ","2025-07-03","10:46:47","11:30:17","00:43:30","+03:00","false","false"
"Work",,"2025-07-03","11:31:08","12:08:00","00:36:52","+03:00","false",
"General CS","Performace oriented programming ","2025-07-03","12:15:36","13:01:52","00:46:16","+03:00","false","false"
"General CS","Performace oriented programming ","2025-07-03","13:03:40","13:23:52","00:20:12","+03:00","false","false"
"General CS","Performace oriented programming ","2025-07-03","13:54:46","14:05:36","00:10:50","+03:00","false","false"
"General CS","Performace oriented programming ","2025-07-03","15:31:02","16:26:23","00:55:21","+03:00","false","false"
"General CS","Performace oriented programming ","2025-07-03","17:51:16","19:36:45","01:45:29","+03:00","false","false"
"Work","SKIN-1721","2025-07-03","19:44:25","20:00:47","00:16:22","+03:00","false","false"
"General CS","Performace oriented programming ","2025-07-03","20:00:48","20:35:40","00:34:52","+03:00","false","false"
"Work","SKIN-1721","2025-07-03","20:35:42","21:11:56","00:36:14","+03:00","false","false"
"General CS","Performace oriented programming ","2025-07-03","21:11:57","21:32:53","00:20:56","+03:00","false","false"
"Work","SKIN-1721","2025-07-03","21:33:51","22:20:03","00:46:12","+03:00","false","false"
"Work","SKIN-1721","2025-07-04","09:28:07","09:57:45","00:29:38","+03:00","false","false"
"Work","Meeting","2025-07-04","10:02:55","10:18:01","00:15:06","+03:00","false","false"
"General CS","Performace oriented programming ","2025-07-04","12:51:45","12:55:10","00:03:25","+03:00","false","false"
"General CS","Performace oriented programming ","2025-07-04","16:43:19","17:23:52","00:40:33","+03:00","false","false"
"General CS","Performace oriented programming ","2025-07-04","17:23:53","18:24:47","01:00:54","+03:00","false","false"
"General CS","Operating Systems","2025-07-04","18:45:00","19:45:37","01:00:37","+03:00","false","false"
"General CS","Operating Systems","2025-07-04","19:49:13","19:58:36","00:09:23","+03:00","false","false"
"General CS","Operating Systems","2025-07-04","22:27:58","23:59:59","01:32:01","+03:00","false","false"
"General CS","Operating Systems","2025-07-05","00:00:00","00:17:24","00:17:24","+03:00","false","false"
"General CS","Operating Systems","2025-07-05","12:29:41","13:04:45","00:35:04","+03:00","false","false"
"General CS","Operating Systems","2025-07-05","13:23:27","14:04:54","00:41:27","+03:00","false","false"
"General CS","Operating Systems","2025-07-05","14:39:33","14:50:32","00:10:59","+03:00","false","false"
"General CS","Operating Systems","2025-07-05","14:50:33","16:46:06","01:55:33","+03:00","false","false"
"General CS","Operating Systems","2025-07-05","17:41:17","18:15:22","00:34:05","+03:00","false","false"
"General CS","Operating Systems","2025-07-05","18:18:42","18:29:37","00:10:55","+03:00","false","false"
"General CS","Operating Systems","2025-07-05","18:30:04","18:57:56","00:27:52","+03:00","false","false"
"Programming","Competitive programming ","2025-07-06","11:07:10","11:37:38","00:30:28","+03:00","false","false"
"Programming","Competitive programming ","2025-07-06","13:07:19","14:20:53","01:13:34","+03:00","false","false"
"Programming","Competitive programming ","2025-07-06","14:20:56","14:33:44","00:12:48","+03:00","false","false"
"Programming","Competitive programming ","2025-07-06","14:36:32","14:46:13","00:09:41","+03:00","false","false"
"Programming","Competitive programming ","2025-07-06","14:54:04","15:05:52","00:11:48","+03:00","false","false"
"Programming","Competitive programming ","2025-07-06","15:16:54","15:47:18","00:30:24","+03:00","false","false"
"General CS","Operating Systems","2025-07-06","16:13:53","16:21:59","00:08:06","+03:00","false","false"
"Math","Stats","2025-07-06","17:45:31","17:55:51","00:10:20","+03:00","false","false"
"General CS","C++","2025-07-06","19:11:11","19:49:28","00:38:17","+03:00","false","false"
"Math","Stats","2025-07-06","19:49:29","20:02:07","00:12:38","+03:00","false","false"
"General CS","Operating Systems","2025-07-06","20:46:13","21:11:05","00:24:52","+03:00","false","false"
"General CS","Operating Systems","2025-07-06","21:40:46","22:44:26","01:03:40","+03:00","false","false"
"Work","SKIN-1721","2025-07-07","09:59:10","10:10:28","00:11:18","+03:00","false","false"
"Work",,"2025-07-07","10:10:30","10:10:32","00:00:02","+03:00","false",
"Work","Meeting","2025-07-07","10:10:35","10:34:17","00:23:42","+03:00","false","false"
"Work","SKIN-1721","2025-07-07","10:34:18","11:51:03","01:16:45","+03:00","false","false"
"Work","SKIN-1721","2025-07-07","12:12:05","12:17:56","00:05:51","+03:00","false","false"
"General CS","Operating Systems","2025-07-07","12:37:55","13:12:09","00:34:14","+03:00","false","false"
"General CS","Operating Systems","2025-07-07","14:59:14","15:16:47","00:17:33","+03:00","false","false"
"General CS","Operating Systems","2025-07-07","15:23:57","16:29:34","01:05:37","+03:00","false","false"
"Work","SCHOCH-1342","2025-07-07","16:40:41","17:55:38","01:14:57","+03:00","false","false"
"General CS","Operating Systems","2025-07-07","18:46:56","18:46:59","00:00:03","+03:00","false","false"
"General CS","Operating Systems","2025-07-07","18:47:53","19:37:38","00:49:45","+03:00","false","false"
"General CS","Operating Systems","2025-07-07","20:16:48","20:46:05","00:29:17","+03:00","false","false"
"General CS","Operating Systems","2025-07-07","20:46:05","21:11:33","00:25:28","+03:00","false","false"
"Work","SCHOCH-1342","2025-07-07","21:11:38","21:23:02","00:11:24","+03:00","false","false"
"General CS","C++","2025-07-07","21:23:11","21:25:28","00:02:17","+03:00","false","false"
"Work","SCHOCH-1342","2025-07-07","21:25:29","21:49:01","00:23:32","+03:00","false","false"
"General CS","Operating Systems","2025-07-08","07:49:51","09:09:16","01:19:25","+03:00","false","false"
"General CS","C++ software design","2025-07-08","09:11:11","09:18:15","00:07:04","+03:00","false","false"
"General CS","C++ software design","2025-07-08","09:33:59","10:00:03","00:26:04","+03:00","false","false"
"Work","Meeting","2025-07-08","10:04:26","11:46:35","01:42:09","+03:00","false","false"
"Work","Meeting","2025-07-08","14:15:15","14:15:16","00:00:01","+03:00","false","false"
"Work","SCHOCH-1325","2025-07-08","14:15:26","15:22:04","01:06:38","+03:00","false","false"
"General CS","C++ software design","2025-07-08","15:22:11","15:36:09","00:13:58","+03:00","false","false"
"Work","SCHOCH-1325","2025-07-08","16:14:10","16:19:08","00:04:58","+03:00","false","false"
"Work","SKIN-1727","2025-07-08","16:39:14","16:58:56","00:19:42","+03:00","false","false"
"General CS","Operating Systems","2025-07-08","16:58:59","17:11:18","00:12:19","+03:00","false","false"
"Work","SKIN-1727","2025-07-08","17:24:22","18:05:43","00:41:21","+03:00","false","false"
"General CS","Operating Systems","2025-07-08","18:05:44","18:10:17","00:04:33","+03:00","false","false"
"Work","SKIN-1727","2025-07-08","18:35:21","18:45:05","00:09:44","+03:00","false","false"
"General CS","Operating Systems","2025-07-08","19:20:45","19:51:14","00:30:29","+03:00","false","false"
"Programming","Pairs backtester","2025-07-08","20:28:56","22:25:31","01:56:35","+03:00","false","false"
"Work","SKIN-1727","2025-07-09","07:47:56","08:46:09","00:58:13","+03:00","false","false"
"Work","SKIN-1727","2025-07-09","08:51:40","08:52:13","00:00:33","+03:00","false","false"
"General CS","Operating Systems","2025-07-09","08:52:15","09:21:17","00:29:02","+03:00","false","false"
"General CS","Operating Systems","2025-07-09","09:51:22","10:03:04","00:11:42","+03:00","false","false"
"Work","Meeting","2025-07-09","10:03:09","10:18:50","00:15:41","+03:00","false","false"
"Work",,"2025-07-09","11:31:16","12:09:23","00:38:07","+03:00","false",
"Work",,"2025-07-09","12:27:32","13:32:10","01:04:38","+03:00","false",
"General CS","Operating Systems","2025-07-09","15:59:39","16:24:18","00:24:39","+03:00","false","false"
"General CS","Operating Systems","2025-07-09","16:47:10","17:39:50","00:52:40","+03:00","false","false"
"General CS","Operating Systems","2025-07-09","17:58:55","18:45:58","00:47:03","+03:00","false","false"
"General CS","C++ software design","2025-07-09","18:47:59","19:54:11","01:06:12","+03:00","false","false"
"General CS","C++ software design","2025-07-09","20:00:52","20:04:35","00:03:43","+03:00","false","false"
"General CS","C++ software design","2025-07-09","20:27:00","20:48:51","00:21:51","+03:00","false","false"
"General CS","C++ software design","2025-07-09","20:49:01","21:07:04","00:18:03","+03:00","false","false"
"Programming","Pairs backtester","2025-07-09","21:07:12","22:00:41","00:53:29","+03:00","false","false"
"Work","SCHOCH-1382","2025-07-10","08:30:30","08:58:33","00:28:03","+03:00","false","false"
"Work","SCHOCH-1382","2025-07-10","09:15:01","09:33:42","00:18:41","+03:00","false","false"
"Programming","Pairs backtester","2025-07-10","09:33:44","09:33:48","00:00:04","+03:00","false","false"
"Programming","Pairs backtester","2025-07-10","09:33:48","10:03:08","00:29:20","+03:00","false","false"
"Work","Meeting","2025-07-10","10:03:32","12:29:51","02:26:19","+03:00","false","false"
"Programming","Pairs backtester","2025-07-10","12:29:52","13:45:11","01:15:19","+03:00","false","false"
"Programming","Pairs backtester","2025-07-10","14:48:04","15:29:04","00:41:00","+03:00","false","false"
"General CS","Performace oriented programming ","2025-07-10","15:52:24","16:04:10","00:11:46","+03:00","false","false"
"Programming","Pairs backtester","2025-07-10","16:30:57","16:46:07","00:15:10","+03:00","false","false"
"General CS","Performace oriented programming ","2025-07-10","16:46:10","17:07:49","00:21:39","+03:00","false","false"
"Programming","Pairs backtester","2025-07-10","17:07:51","17:33:28","00:25:37","+03:00","false","false"
"General CS","Performace oriented programming ","2025-07-10","17:33:30","17:45:34","00:12:04","+03:00","false","false"
"Programming","Pairs backtester","2025-07-10","17:55:57","18:14:16","00:18:19","+03:00","false","false"
"Programming","Pairs backtester","2025-07-10","18:14:17","19:20:46","01:06:29","+03:00","false","false"
"General CS",,"2025-07-10","20:59:17","21:48:14","00:48:57","+03:00","false",
"Work",,"2025-07-11","08:04:59","08:35:27","00:30:28","+03:00","false",
"General CS","Performace oriented programming ","2025-07-11","09:20:38","09:20:40","00:00:02","+03:00","false","false"
"General CS","Operating Systems","2025-07-11","09:20:44","09:20:45","00:00:01","+03:00","false","false"
"General CS","Operating Systems","2025-07-11","09:22:00","09:56:29","00:34:29","+03:00","false","false"
"Work","Meeting","2025-07-11","10:04:12","10:40:27","00:36:15","+03:00","false","false"
"Work","SKIN-1727","2025-07-11","10:41:28","11:06:56","00:25:28","+03:00","false","false"
"Work","SCHOCH-1382","2025-07-11","11:09:26","11:15:31","00:06:05","+03:00","false","false"
"Work","SCHOCH-1382","2025-07-11","11:57:51","13:45:07","01:47:16","+03:00","false","false"
"Work","SCHOCH-1382","2025-07-11","13:54:18","14:17:45","00:23:27","+03:00","false","false"
"Work","SCHOCH-1382","2025-07-11","14:56:08","15:26:12","00:30:04","+03:00","false","false"
"General CS","Operating Systems","2025-07-11","18:03:03","18:48:13","00:45:10","+03:00","false","false"
"General CS","Operating Systems","2025-07-11","19:25:41","19:42:49","00:17:08","+03:00","false","false"
"General CS","Operating Systems","2025-07-11","19:56:16","19:57:40","00:01:24","+03:00","false","false"
"General CS","Operating Systems","2025-07-11","20:38:54","21:00:26","00:21:32","+03:00","false","false"
"General CS","Operating Systems","2025-07-12","09:12:49","10:05:37","00:52:48","+03:00","false","false"
"General CS","Operating Systems","2025-07-12","10:26:17","10:53:41","00:27:24","+03:00","false","false"
"General CS","Operating Systems","2025-07-12","12:02:35","12:02:53","00:00:18","+03:00","false","false"
"General CS","Operating Systems","2025-07-12","12:02:56","13:06:50","01:03:54","+03:00","false","false"
"Programming","Pairs backtester","2025-07-12","14:44:38","15:35:39","00:51:01","+03:00","false","false"
"General CS","Operating Systems","2025-07-12","19:30:38","21:00:46","01:30:08","+03:00","false","false"
"General CS","Operating Systems","2025-07-12","21:16:06","21:31:36","00:15:30","+03:00","false","false"
"General CS","Operating Systems","2025-07-13","09:30:56","09:30:57","00:00:01","+03:00","false","false"
"General CS","C++","2025-07-13","09:31:01","11:24:49","01:53:48","+03:00","false","false"
"General CS","C++","2025-07-13","11:36:38","11:48:14","00:11:36","+03:00","false","false"
"General CS","C++","2025-07-13","12:28:07","13:27:01","00:58:54","+03:00","false","false"
"General CS","C++","2025-07-13","13:43:09","14:14:06","00:30:57","+03:00","false","false"
"General CS","Operating Systems","2025-07-13","15:53:04","16:17:39","00:24:35","+03:00","false","false"
"Programming","Pairs backtester","2025-07-13","17:08:45","17:47:04","00:38:19","+03:00","false","false"
"Programming","Pairs backtester","2025-07-13","19:10:18","20:03:10","00:52:52","+03:00","false","false"
"Math","Stats","2025-07-13","21:55:11","22:53:55","00:58:44","+03:00","false","false"
"Programming","Pairs backtester","2025-07-14","09:26:48","10:06:27","00:39:39","+03:00","false","false"
"Work","Meeting","2025-07-14","10:06:30","10:36:07","00:29:37","+03:00","false","false"
"Work","SKIN-1650","2025-07-14","11:03:02","11:35:40","00:32:38","+03:00","false","false"
"Work","SKIN-1650","2025-07-14","11:38:29","12:46:18","01:07:49","+03:00","false","false"
"Work","SKIN-1650","2025-07-14","13:13:39","13:37:13","00:23:34","+03:00","false","false"
"Work","SKIN-1650","2025-07-14","13:42:39","13:42:42","00:00:03","+03:00","false","false"
"General CS","C++","2025-07-14","14:26:08","14:38:35","00:12:27","+03:00","false","false"
"General CS","Operating Systems","2025-07-14","15:36:56","16:45:00","01:08:04","+03:00","false","false"
"General CS","Operating Systems","2025-07-14","17:20:33","17:58:45","00:38:12","+03:00","false","false"
"General CS","Operating Systems","2025-07-14","18:04:24","18:16:58","00:12:34","+03:00","false","false"
"Programming","Pairs backtester","2025-07-14","20:09:41","20:50:03","00:40:22","+03:00","false","false"
"Programming","Pairs backtester","2025-07-14","20:58:26","21:20:06","00:21:40","+03:00","false","false"
"Work","SKIN-1650","2025-07-15","07:52:59","09:51:24","01:58:25","+03:00","false","false"
"Work","SKIN-1650","2025-07-15","09:51:26","09:59:51","00:08:25","+03:00","false","false"
"Work","Meeting","2025-07-15","09:59:55","11:46:37","01:46:42","+03:00","false","false"
"General CS","Operating Systems","2025-07-15","13:15:33","13:21:33","00:06:00","+03:00","false","false"
"General CS","Operating Systems","2025-07-15","14:28:05","15:18:02","00:49:57","+03:00","false","false"
"Work",,"2025-07-15","15:48:43","16:44:31","00:55:48","+03:00","false",
"Work",,"2025-07-15","17:19:42","18:35:12","01:15:30","+03:00","false",
"Work",,"2025-07-15","18:49:39","19:31:37","00:41:58","+03:00","false",
"Work",,"2025-07-15","19:45:47","19:54:02","00:08:15","+03:00","false",
"Work","SCHOCH-1400","2025-07-16","08:39:08","10:05:00","01:25:52","+03:00","false","false"
"Work","Meeting","2025-07-16","10:05:07","10:54:23","00:49:16","+03:00","false","false"
"General CS","Operating Systems","2025-07-16","12:01:22","14:05:50","02:04:28","+03:00","false","false"
"General CS","Operating Systems","2025-07-16","15:41:11","16:02:43","00:21:32","+03:00","false","false"
"Programming","Pairs backtester","2025-07-16","17:09:36","17:52:37","00:43:01","+03:00","false","false"
"Programming","Pairs backtester","2025-07-16","17:56:56","18:31:48","00:34:52","+03:00","false","false"
"Programming","Pairs backtester","2025-07-16","18:34:25","20:25:17","01:50:52","+03:00","false","false"
"Work","Meeting","2025-07-17","08:18:15","08:18:20","00:00:05","+03:00","false","false"
"Work","SCHOCH-1378","2025-07-17","08:18:22","09:02:32","00:44:10","+03:00","false","false"
"Work","SCHOCH-1378","2025-07-17","09:11:44","09:17:14","00:05:30","+03:00","false","false"
"Work","Meeting","2025-07-17","10:00:44","10:44:36","00:43:52","+03:00","false","false"
"Work","SCHOCH-1400","2025-07-17","11:00:42","12:02:30","01:01:48","+03:00","false","false"
"Work","Meeting","2025-07-17","12:02:31","13:08:35","01:06:04","+03:00","false","false"
"Programming","Pairs backtester","2025-07-17","15:01:01","18:56:35","03:55:34","+03:00","false","false"
"Programming","Pairs backtester","2025-07-17","19:12:34","19:50:36","00:38:02","+03:00","false","false"
"Programming","Pairs backtester","2025-07-17","19:50:38","20:05:38","00:15:00","+03:00","false","false"
"Work","SCHOCH-1378","2025-07-18","08:00:48","08:34:20","00:33:32","+03:00","false","false"
"Work","SCHOCH-1378","2025-07-18","08:35:26","09:53:07","01:17:41","+03:00","false","false"
"Work","Meeting","2025-07-18","10:03:46","10:38:59","00:35:13","+03:00","false","false"
"Work","SCHOCH-1378","2025-07-18","10:39:02","10:39:04","00:00:02","+03:00","false","false"
"Work","SCHOCH-1378","2025-07-18","10:39:26","10:50:49","00:11:23","+03:00","false","false"
"Work","SCHOCH-1378","2025-07-18","11:24:06","11:24:07","00:00:01","+03:00","false","false"
"Work","SCHOCH-1378","2025-07-18","11:24:11","11:42:36","00:18:25","+03:00","false","false"
"Work","SCHOCH-1342","2025-07-18","11:49:37","12:31:31","00:41:54","+03:00","false","false"
"General CS","Networking","2025-07-18","20:01:33","21:05:53","01:04:20","+03:00","false","false"
"General CS","Networking","2025-07-19","09:32:04","10:03:15","00:31:11","+03:00","false","false"
"General CS","Networking","2025-07-19","10:08:29","10:38:46","00:30:17","+03:00","false","false"
"Programming","Pairs backtester","2025-07-19","11:37:03","12:14:39","00:37:36","+03:00","false","false"
"Programming",,"2025-07-19","13:47:15","15:05:00","01:17:45","+03:00","false",
"Programming",,"2025-07-19","15:33:07","15:58:36","00:25:29","+03:00","false",
"Programming","Competitive programming ","2025-07-19","19:30:28","20:20:47","00:50:19","+03:00","false","false"
"Programming","Pairs backtester","2025-07-19","20:31:02","21:09:31","00:38:29","+03:00","false","false"
"Programming","Pairs backtester","2025-07-20","08:26:19","08:33:10","00:06:51","+03:00","false","false"
"Programming","Pairs backtester","2025-07-20","08:51:14","11:17:23","02:26:09","+03:00","false","false"
"Programming","Pairs backtester","2025-07-20","12:02:32","12:28:35","00:26:03","+03:00","false","false"
"Programming","Pairs backtester","2025-07-20","13:25:40","15:20:05","01:54:25","+03:00","false","false"
"Programming","Pairs backtester","2025-07-20","17:19:03","19:15:52","01:56:49","+03:00","false","false"
"Programming","Pairs backtester","2025-07-20","19:31:22","20:37:53","01:06:31","+03:00","false","false"
"Work","SCHOCH-1397","2025-07-21","08:37:20","10:07:01","01:29:41","+03:00","false","false"
"Work","Meeting","2025-07-21","10:07:05","10:23:53","00:16:48","+03:00","false","false"
"Work",,"2025-07-21","11:17:46","12:05:30","00:47:44","+03:00","false",
"Work","SCHOCH-1397","2025-07-21","12:08:59","12:44:28","00:35:29","+03:00","false","false"
"Work","SCHOCH-1397","2025-07-21","12:45:43","12:59:50","00:14:07","+03:00","false","false"
"Work","SCHOCH-1397","2025-07-21","13:32:47","14:05:17","00:32:30","+03:00","false","false"
"Work","SCHOCH-1397","2025-07-21","14:15:33","15:08:27","00:52:54","+03:00","false","false"
"Work","SCHOCH-1397","2025-07-21","15:08:29","15:19:07","00:10:38","+03:00","false","false"
"Work","SCHOCH-1397","2025-07-21","15:35:11","16:00:49","00:25:38","+03:00","false","false"
"Work",,"2025-07-21","16:02:24","16:46:03","00:43:39","+03:00","false",
"General CS","Networking","2025-07-21","21:01:33","21:47:40","00:46:07","+03:00","false","false"
"Work","SCHOCH-1397","2025-07-22","08:43:51","08:51:19","00:07:28","+03:00","false","false"
"Work","SCHOCH-1397","2025-07-22","09:01:01","10:02:55","01:01:54","+03:00","false","false"
"Work","Meeting","2025-07-22","10:03:00","11:30:21","01:27:21","+03:00","false","false"
"Work","SCHOCH-1397","2025-07-22","13:05:51","13:41:43","00:35:52","+03:00","false","false"
"Work","SCHOCH-1397","2025-07-22","14:40:00","16:14:49","01:34:49","+03:00","false","false"
"General CS","Networking","2025-07-22","16:52:46","17:27:27","00:34:41","+03:00","false","false"
"Work","SCHOCH-1397","2025-07-22","17:29:15","17:31:27","00:02:12","+03:00","false","false"
"General CS","Networking","2025-07-22","17:31:29","18:04:51","00:33:22","+03:00","false","false"
"General CS","Networking","2025-07-22","18:19:46","18:23:40","00:03:54","+03:00","false","false"
"General CS","Networking","2025-07-22","18:33:31","18:44:50","00:11:19","+03:00","false","false"
"General CS","Networking","2025-07-22","19:37:30","20:20:32","00:43:02","+03:00","false","false"
"Work","Meeting","2025-07-23","10:00:43","10:38:36","00:37:53","+03:00","false","false"
"Work","SCHOCH-1397","2025-07-23","11:19:39","11:58:20","00:38:41","+03:00","false","false"
"General CS","Networking","2025-07-23","11:58:32","12:46:19","00:47:47","+03:00","false","false"
"General CS",,"2025-07-23","13:51:46","14:06:52","00:15:06","+03:00","false",
"Work","SCHOCH-1397","2025-07-23","15:24:08","15:58:55","00:34:47","+03:00","false","false"
"General CS",,"2025-07-23","17:53:44","17:57:09","00:03:25","+03:00","false",
"General CS","Networking","2025-07-23","17:57:10","18:13:03","00:15:53","+03:00","false","false"
"General CS","Networking","2025-07-23","18:12:31","18:27:39","00:15:08","+03:00","false","false"
"General CS","Performace oriented programming ","2025-07-23","19:23:35","20:42:39","01:19:04","+03:00","false","false"
"Work","SCHOCH-1411","2025-07-24","09:30:54","09:47:33","00:16:39","+03:00","false","false"
"Work","SCHOCH-1411","2025-07-24","09:53:04","10:39:00","00:45:56","+03:00","false","false"
"Work","Meeting","2025-07-24","10:39:03","12:33:35","01:54:32","+03:00","false","false"
"Work","SCHOCH-1411","2025-07-24","15:29:31","15:32:20","00:02:49","+03:00","false","false"
"General CS","Networking","2025-07-24","18:54:50","19:17:18","00:22:28","+03:00","false","false"
"General CS","Networking","2025-07-24","19:46:39","20:23:55","00:37:16","+03:00","false","false"
"General CS",,"2025-07-24","20:28:24","21:48:24","01:20:00","+03:00","false",
"General CS",,"2025-07-24","22:31:35","22:42:14","00:10:39","+03:00","false",
"Work","SCHOCH-1338","2025-07-25","09:01:54","10:09:06","01:07:12","+03:00","false","false"
"Work","Meeting","2025-07-25","10:09:08","10:38:42","00:29:34","+03:00","false","false"
"Work","SCHOCH-1416","2025-07-25","10:38:53","11:33:59","00:55:06","+03:00","false","false"
"General CS",,"2025-07-25","14:23:37","15:10:55","00:47:18","+03:00","false",
"General CS",,"2025-07-25","15:13:51","16:18:37","01:04:46","+03:00","false",
"General CS","Performace oriented programming ","2025-07-25","20:05:12","21:39:38","01:34:26","+03:00","false","false"
"Programming",,"2025-07-26","12:02:27","13:23:17","01:20:50","+03:00","false",
"General CS","Performace oriented programming ","2025-07-26","16:04:02","17:07:57","01:03:55","+03:00","false","false"
"General CS","Performace oriented programming ","2025-07-26","17:16:37","17:32:43","00:16:06","+03:00","false","false"
"General CS","Performace oriented programming ","2025-07-26","19:20:24","19:49:34","00:29:10","+03:00","false","false"
"General CS","Performace oriented programming ","2025-07-26","21:16:13","22:02:56","00:46:43","+03:00","false","false"
"General CS","Performace oriented programming ","2025-07-27","11:52:31","14:20:43","02:28:12","+03:00","false","false"
"General CS","Performace oriented programming ","2025-07-27","16:21:22","17:30:50","01:09:28","+03:00","false","false"
"General CS","Performace oriented programming ","2025-07-27","17:33:51","18:29:03","00:55:12","+03:00","false","false"
"General CS","Performace oriented programming ","2025-07-27","20:58:35","21:04:42","00:06:07","+03:00","false","false"
"General CS","Performace oriented programming ","2025-07-27","21:13:51","22:55:41","01:41:50","+03:00","false","false"
"Work","SCHOCH-1338","2025-07-28","09:31:24","10:11:29","00:40:05","+03:00","false","false"
"Work","Meeting","2025-07-28","10:11:33","10:29:15","00:17:42","+03:00","false","false"
"Work","SCHOCH-1416","2025-07-28","10:29:28","11:39:41","01:10:13","+03:00","false","false"
"Work","SCHOCH-1416","2025-07-28","11:54:13","11:54:15","00:00:02","+03:00","false","false"
"Work","SCHOCH-1338","2025-07-28","11:54:16","13:55:26","02:01:10","+03:00","false","false"
"Work","SCHOCH-1416","2025-07-28","15:05:00","15:11:57","00:06:57","+03:00","false","false"
"Work","SCHOCH-1338","2025-07-28","15:21:31","15:55:07","00:33:36","+03:00","false","false"
"Work","SCHOCH-1338","2025-07-28","16:08:38","18:04:23","01:55:45","+03:00","false","false"
"General CS","Performace oriented programming ","2025-07-28","20:56:30","22:21:28","01:24:58","+03:00","false","false"
"General CS","Performace oriented programming ","2025-07-28","22:40:27","23:11:45","00:31:18","+03:00","false","false"
"Work","SCHOCH-1416","2025-07-29","09:25:37","10:01:02","00:35:25","+03:00","false","false"
"Work","Meeting","2025-07-29","10:01:04","10:28:06","00:27:02","+03:00","false","false"
"Work","SCHOCH-1338","2025-07-29","11:06:01","12:11:56","01:05:55","+03:00","false","false"
"General CS","Performace oriented programming ","2025-07-29","13:15:30","13:21:19","00:05:49","+03:00","false","false"
"Work","SCHOCH-1338","2025-07-29","15:38:41","16:49:05","01:10:24","+03:00","false","false"
"Work","SCHOCH-1416","2025-07-29","16:48:36","16:48:39","00:00:03","+03:00","false","false"
"Work","SCHOCH-1338","2025-07-29","17:06:35","17:11:46","00:05:11","+03:00","false","false"
"General CS","Performace oriented programming ","2025-07-29","19:01:26","21:56:36","02:55:10","+03:00","false","false"
"General CS","Performace oriented programming ","2025-07-29","22:10:57","22:28:08","00:17:11","+03:00","false","false"
"Work","Meeting","2025-07-30","09:59:17","10:35:26","00:36:09","+03:00","false","false"
"General CS","Performace oriented programming ","2025-07-30","10:35:27","10:50:24","00:14:57","+03:00","false","false"
"Work",,"2025-07-30","10:50:37","12:14:23","01:23:46","+03:00","false",
"General CS","Performace oriented programming ","2025-07-30","13:21:02","13:44:21","00:23:19","+03:00","false","false"
"Work",,"2025-07-30","13:44:22","15:12:22","01:28:00","+03:00","false",
"General CS","Performace oriented programming ","2025-07-30","16:59:42","19:34:07","02:34:25","+03:00","false","false"
"General CS","Performace oriented programming ","2025-07-30","20:05:37","21:09:37","01:04:00","+03:00","false","false"
"General CS","Performace oriented programming ","2025-07-31","09:17:34","09:52:46","00:35:12","+03:00","false","false"
"Work","Meeting","2025-07-31","10:03:44","10:56:15","00:52:31","+03:00","false","false"
"Work",,"2025-07-31","10:56:18","11:11:11","00:14:53","+03:00","false",
"General CS","Performace oriented programming ","2025-07-31","12:11:04","12:31:11","00:20:07","+03:00","false","false"
"General CS","Performace oriented programming ","2025-07-31","13:05:10","14:02:11","00:57:01","+03:00","false","false"
"General CS","Performace oriented programming ","2025-07-31","15:05:44","15:43:17","00:37:33","+03:00","false","false"
"General CS","Performace oriented programming ","2025-07-31","16:02:28","16:09:05","00:06:37","+03:00","false","false"
"General CS","Performace oriented programming ","2025-07-31","16:20:00","17:24:49","01:04:49","+03:00","false","false"
"Work","SCHOCH-1400","2025-08-01","08:11:17","08:24:21","00:13:04","+03:00","false","false"
"Work","SCHOCH-1406","2025-08-01","08:24:42","09:16:44","00:52:02","+03:00","false","false"
"Work","SCHOCH-1406","2025-08-01","09:41:31","09:44:15","00:02:44","+03:00","false","false"
"Work","SCHOCH-1401","2025-08-01","09:44:56","09:55:56","00:11:00","+03:00","false","false"
"Work","Meeting","2025-08-01","10:03:27","10:34:26","00:30:59","+03:00","false","false"
"General CS","Performace oriented programming ","2025-08-01","11:34:52","12:08:39","00:33:47","+03:00","false","false"
"General CS","Performace oriented programming ","2025-08-01","12:57:51","12:59:02","00:01:11","+03:00","false","false"
"General CS","Performace oriented programming ","2025-08-01","13:08:01","14:04:07","00:56:06","+03:00","false","false"
"General CS","Performace oriented programming ","2025-08-01","14:20:49","15:08:12","00:47:23","+03:00","false","false"
"General CS","Performace oriented programming ","2025-08-01","15:28:23","17:43:06","02:14:43","+03:00","false","false"
"General CS","Performace oriented programming ","2025-08-01","20:04:46","20:15:17","00:10:31","+03:00","false","false"
"General CS","Performace oriented programming ","2025-08-01","20:21:42","21:14:16","00:52:34","+03:00","false","false"
"General CS","Performace oriented programming ","2025-08-02","09:59:41","10:41:38","00:41:57","+03:00","false","false"
"General CS","Performace oriented programming ","2025-08-02","10:51:06","11:00:01","00:08:55","+03:00","false","false"
"General CS","Performace oriented programming ","2025-08-02","11:01:35","11:16:45","00:15:10","+03:00","false","false"
"General CS","Performace oriented programming ","2025-08-02","11:41:56","13:40:43","01:58:47","+03:00","false","false"
"General CS","Performace oriented programming ","2025-08-02","14:49:54","16:27:07","01:37:13","+03:00","false","false"
"General CS","Performace oriented programming ","2025-08-02","16:53:10","19:06:09","02:12:59","+03:00","false","false"
"General CS","Performace oriented programming ","2025-08-02","19:22:55","19:58:38","00:35:43","+03:00","false","false"
"General CS","Performace oriented programming ","2025-08-03","11:12:07","13:00:01","01:47:54","+03:00","false","false"
"General CS","Performace oriented programming ","2025-08-03","13:36:07","13:46:56","00:10:49","+03:00","false","false"
"General CS","Performace oriented programming ","2025-08-03","13:49:52","14:06:25","00:16:33","+03:00","false","false"
"General CS","Performace oriented programming ","2025-08-03","14:53:47","15:50:57","00:57:10","+03:00","false","false"
"General CS","Performace oriented programming ","2025-08-03","16:09:32","16:13:18","00:03:46","+03:00","false","false"
"General CS","Performace oriented programming ","2025-08-03","16:21:44","16:39:34","00:17:50","+03:00","false","false"
"General CS","Performace oriented programming ","2025-08-03","17:42:37","19:45:20","02:02:43","+03:00","false","false"
"General CS","Performace oriented programming ","2025-08-03","19:55:44","20:37:07","00:41:23","+03:00","false","false"
"General CS","Performace oriented programming ","2025-08-03","20:37:22","21:03:58","00:26:36","+03:00","false","false"
"General CS","Performace oriented programming ","2025-08-04","09:26:45","09:41:54","00:15:09","+03:00","false","false"
"Work","SCHOCH-1401","2025-08-04","09:43:19","09:59:11","00:15:52","+03:00","false","false"
"Work","Meeting","2025-08-04","09:59:19","10:31:16","00:31:57","+03:00","false","false"
"Work","SCHOCH-1401","2025-08-04","10:50:28","12:17:24","01:26:56","+03:00","false","false"
"General CS","Performace oriented programming ","2025-08-04","12:29:59","12:30:38","00:00:39","+03:00","false","false"
"General CS","Performace oriented programming ","2025-08-04","12:41:20","14:07:02","01:25:42","+03:00","false","false"
"General CS","Performace oriented programming ","2025-08-04","15:05:19","15:31:07","00:25:48","+03:00","false","false"
"Work","SCHOCH-1401","2025-08-04","16:08:38","16:08:39","00:00:01","+03:00","false","false"
"Work","SCHOCH-1401","2025-08-04","16:08:43","16:08:50","00:00:07","+03:00","false","false"
"Work","SCHOCH-1404","2025-08-04","16:08:58","18:22:04","02:13:06","+03:00","false","false"
"Work","SCHOCH-1404","2025-08-04","18:33:34","19:08:43","00:35:09","+03:00","false","false"
"Work","Meeting","2025-08-05","10:00:41","11:01:07","01:00:26","+03:00","false","false"
"Work",,"2025-08-05","11:31:17","12:23:00","00:51:43","+03:00","false",
"General CS","Performace oriented programming ","2025-08-05","12:23:01","13:18:37","00:55:36","+03:00","false","false"
"General CS","Performace oriented programming ","2025-08-05","14:45:14","15:02:58","00:17:44","+03:00","false","false"
"Work",,"2025-08-05","15:02:04","15:25:33","00:23:29","+03:00","false",
"General CS","Performace oriented programming ","2025-08-05","15:25:33","16:15:36","00:50:03","+03:00","false","false"
"General CS","Performace oriented programming ","2025-08-05","16:26:08","17:10:06","00:43:58","+03:00","false","false"
"General CS","Performace oriented programming ","2025-08-05","17:18:06","17:23:55","00:05:49","+03:00","false","false"
"General CS","Performace oriented programming ","2025-08-05","18:19:10","18:38:37","00:19:27","+03:00","false","false"
"General CS","Performace oriented programming ","2025-08-05","19:41:40","21:04:12","01:22:32","+03:00","false","false"
"Work","SCHOCH-1404","2025-08-06","07:55:15","09:32:31","01:37:16","+03:00","false","false"
"General CS","Performace oriented programming ","2025-08-06","09:38:32","09:58:06","00:19:34","+03:00","false","false"
"Work","Meeting","2025-08-06","09:58:14","10:38:24","00:40:10","+03:00","false","false"
"General CS","Performace oriented programming ","2025-08-06","12:23:50","14:25:59","02:02:09","+03:00","false","false"
"Work","SCHOCH-1410","2025-08-06","15:21:15","15:57:05","00:35:50","+03:00","false","false"
"General CS","Performace oriented programming ","2025-08-06","16:08:45","16:34:17","00:25:32","+03:00","false","false"
"General CS","Performace oriented programming ","2025-08-06","17:39:36","17:53:48","00:14:12","+03:00","false","false"
"General CS","Performace oriented programming ","2025-08-06","17:59:46","18:19:53","00:20:07","+03:00","false","false"
"General CS","Performace oriented programming ","2025-08-06","19:24:06","20:00:07","00:36:01","+03:00","false","false"
"General CS","Performace oriented programming ","2025-08-06","20:23:47","20:39:13","00:15:26","+03:00","false","false"
"Work","SCHOCH-1381","2025-08-07","09:36:39","09:41:36","00:04:57","+03:00","false","false"
"Work","SCHOCH-1381","2025-08-07","09:58:24","10:07:38","00:09:14","+03:00","false","false"
"Work","Meeting","2025-08-07","10:07:40","12:18:05","02:10:25","+03:00","false","false"
"General CS","Performace oriented programming ","2025-08-07","13:10:17","15:14:26","02:04:09","+03:00","false","false"
"General CS","Performace oriented programming ","2025-08-07","15:38:11","17:51:29","02:13:18","+03:00","false","false"
"General CS","Performace oriented programming ","2025-08-07","17:56:49","18:17:58","00:21:09","+03:00","false","false"
"Programming",,"2025-08-07","20:14:46","21:10:48","00:56:02","+03:00","false",
"Work","SCHOCH-1381","2025-08-08","08:59:11","09:18:05","00:18:54","+03:00","false","false"
"General CS","Performace oriented programming ","2025-08-08","09:18:06","09:40:59","00:22:53","+03:00","false","false"
"Work","SCHOCH-1381","2025-08-08","09:41:00","10:00:14","00:19:14","+03:00","false","false"
"Work","Meeting","2025-08-08","10:00:21","10:55:30","00:55:09","+03:00","false","false"
"Work","SCHOCH-1381","2025-08-08","11:20:41","12:44:08","01:23:27","+03:00","false","false"
"General CS","Performace oriented programming ","2025-08-08","15:20:53","15:55:17","00:34:24","+03:00","false","false"
"General CS","Performace oriented programming ","2025-08-08","18:00:11","19:01:38","01:01:27","+03:00","false","false"
"General CS","Performace oriented programming ","2025-08-09","10:13:03","11:53:30","01:40:27","+03:00","false","false"
"General CS","Performace oriented programming ","2025-08-09","12:08:21","12:37:16","00:28:55","+03:00","false","false"
"General CS","Performace oriented programming ","2025-08-09","13:09:41","13:50:23","00:40:42","+03:00","false","false"
"General CS","Performace oriented programming ","2025-08-10","08:44:40","09:46:33","01:01:53","+03:00","false","false"
"General CS","Performace oriented programming ","2025-08-10","10:09:21","11:26:34","01:17:13","+03:00","false","false"
"General CS","Performace oriented programming ","2025-08-10","16:37:45","17:02:20","00:24:35","+03:00","false","false"
"Programming","Haversine","2025-08-10","17:20:19","21:39:57","04:19:38","+03:00","false","false"
"Work","Meeting","2025-08-11","10:01:51","10:42:15","00:40:24","+03:00","false","false"
"Work","SCHOCH-1381","2025-08-11","11:41:58","11:56:41","00:14:43","+03:00","false","false"
"Work","KLOTZ-472","2025-08-11","11:56:56","13:10:28","01:13:32","+03:00","false","false"
"Work","SCHOCH-1381","2025-08-11","13:10:30","13:30:21","00:19:51","+03:00","false","false"
"Work","SCHOCH-1381","2025-08-11","13:47:41","14:53:53","01:06:12","+03:00","false","false"
"Work","SCHOCH-1381","2025-08-11","15:55:15","16:10:20","00:15:05","+03:00","false","false"
"Work","KLOTZ-472","2025-08-11","16:10:21","17:00:20","00:49:59","+03:00","false","false"
"General CS","Performace oriented programming ","2025-08-11","17:08:36","17:49:43","00:41:07","+03:00","false","false"
"General CS","Performace oriented programming ","2025-08-11","18:38:18","21:07:19","02:29:01","+03:00","false","false"
"Work","KLOTZ-472","2025-08-12","09:43:01","09:43:02","00:00:01","+03:00","false","false"
"Work","ENTRY-211","2025-08-12","09:43:12","10:14:59","00:31:47","+03:00","false","false"
"Work","Meeting","2025-08-12","10:15:05","10:49:40","00:34:35","+03:00","false","false"
"Work","ENTRY-211","2025-08-12","13:03:36","13:12:03","00:08:27","+03:00","false","false"
"Work","KLOTZ-472","2025-08-12","13:12:05","13:12:09","00:00:04","+03:00","false","false"
"Work","KLOTZ-468","2025-08-12","13:12:26","14:10:58","00:58:32","+03:00","false","false"
"Work","KLOTZ-468","2025-08-12","14:51:51","16:40:39","01:48:48","+03:00","false","false"
"General CS","Performace oriented programming ","2025-08-12","16:42:20","16:56:09","00:13:49","+03:00","false","false"
"Work","KLOTZ-468","2025-08-12","16:56:12","17:19:21","00:23:09","+03:00","false","false"
"General CS","Performace oriented programming ","2025-08-12","17:19:23","17:20:12","00:00:49","+03:00","false","false"
"Programming","Haversine","2025-08-12","19:28:47","19:56:26","00:27:39","+03:00","false","false"
"Programming","Haversine","2025-08-12","20:08:46","20:31:13","00:22:27","+03:00","false","false"
"Programming","Haversine","2025-08-12","20:31:21","22:33:19","02:01:58","+03:00","false","false"
"Work","Meeting","2025-08-13","09:59:38","10:54:15","00:54:37","+03:00","false","false"
"Work","KLOTZ-468","2025-08-13","11:30:25","12:18:45","00:48:20","+03:00","false","false"
"Work","KLOTZ-467","2025-08-13","12:40:13","13:06:01","00:25:48","+03:00","false","false"
"Work","KLOTZ-467","2025-08-13","13:12:53","13:38:23","00:25:30","+03:00","false","false"
"General CS","Performace oriented programming ","2025-08-13","14:07:25","14:13:10","00:05:45","+03:00","false","false"
"General CS",,"2025-08-13","14:34:12","15:27:06","00:52:54","+03:00","false",
"General CS",,"2025-08-13","15:42:06","16:39:29","00:57:23","+03:00","false",
"General CS","Performace oriented programming ","2025-08-13","17:49:29","19:16:54","01:27:25","+03:00","false","false"
"General CS","Performace oriented programming ","2025-08-13","21:09:41","21:32:37","00:22:56","+03:00","false","false"
"General CS","Performace oriented programming ","2025-08-13","21:34:15","21:42:49","00:08:34","+03:00","false","false"
"Work","KLOTZ-467","2025-08-14","07:32:58","08:42:02","01:09:04","+03:00","false","false"
"Work","KLOTZ-468","2025-08-14","08:45:20","10:01:07","01:15:47","+03:00","false","false"
"Work","Meeting","2025-08-14","10:01:17","10:51:53","00:50:36","+03:00","false","false"
"Work","KLOTZ-468","2025-08-14","11:32:03","12:46:08","01:14:05","+03:00","false","false"
"Work","KLOTZ-468","2025-08-14","14:27:40","15:49:58","01:22:18","+03:00","false","false"
"Work","KLOTZ-467","2025-08-14","15:50:00","16:00:51","00:10:51","+03:00","false","false"
"Work","KLOTZ-468","2025-08-14","16:00:54","16:30:45","00:29:51","+03:00","false","false"
"Work","KLOTZ-467","2025-08-14","16:30:46","16:34:01","00:03:15","+03:00","false","false"
"General CS","Performace oriented programming ","2025-08-14","17:46:44","17:49:48","00:03:04","+03:00","false","false"
"General CS","Performace oriented programming ","2025-08-14","17:58:11","18:31:41","00:33:30","+03:00","false","false"
"General CS","Performace oriented programming ","2025-08-14","18:39:47","18:39:48","00:00:01","+03:00","false","false"
"General CS","Performace oriented programming ","2025-08-14","19:38:34","19:59:37","00:21:03","+03:00","false","false"
"Work","SCHOCH-1353","2025-08-15","07:58:27","08:32:30","00:34:03","+03:00","false","false"
"Work","SCHOCH-1353","2025-08-15","08:46:08","09:44:43","00:58:35","+03:00","false","false"
"Work","Meeting","2025-08-15","10:02:24","10:18:51","00:16:27","+03:00","false","false"
"Work","SCHOCH-1353","2025-08-15","10:18:54","10:20:52","00:01:58","+03:00","false","false"
"General CS","Performace oriented programming ","2025-08-15","10:27:33","10:44:12","00:16:39","+03:00","false","false"
"General CS","Performace oriented programming ","2025-08-15","11:14:46","11:56:29","00:41:43","+03:00","false","false"
"General CS","Performace oriented programming ","2025-08-15","12:21:38","13:07:42","00:46:04","+03:00","false","false"
"General CS","Performace oriented programming ","2025-08-15","14:34:28","15:45:32","01:11:04","+03:00","false","false"
"General CS",,"2025-08-15","18:00:52","18:47:35","00:46:43","+03:00","false",
"General CS","Performace oriented programming ","2025-08-15","19:05:30","19:36:28","00:30:58","+03:00","false","false"
"General CS","Performace oriented programming ","2025-08-16","16:56:39","17:57:35","01:00:56","+03:00","false","false"
"General CS","Performace oriented programming ","2025-08-16","19:09:32","21:26:27","02:16:55","+03:00","false","false"
"General CS","Performace oriented programming ","2025-08-16","21:28:05","21:32:07","00:04:02","+03:00","false","false"
"General CS","Performace oriented programming ","2025-08-16","21:36:01","21:39:19","00:03:18","+03:00","false","false"
"General CS","Performace oriented programming ","2025-08-16","23:26:59","23:33:32","00:06:33","+03:00","false","false"
"Programming","Competitive programming ","2025-08-17","09:36:29","10:50:06","01:13:37","+03:00","false","false"
"Programming","Competitive programming ","2025-08-17","12:23:45","14:31:27","02:07:42","+03:00","false","false"
"Programming","Competitive programming ","2025-08-17","15:15:17","16:02:23","00:47:06","+03:00","false","false"
"Programming","Competitive programming ","2025-08-17","16:33:33","17:08:48","00:35:15","+03:00","false","false"
"Programming","Competitive programming ","2025-08-17","17:30:20","18:50:32","01:20:12","+03:00","false","false"
"Programming","Competitive programming ","2025-08-17","20:39:37","20:39:38","00:00:01","+03:00","false","false"
"General CS","Performace oriented programming ","2025-08-17","20:39:39","21:21:34","00:41:55","+03:00","false","false"
"Work","SCHOCH-1353","2025-08-18","08:38:51","09:08:56","00:30:05","+03:00","false","false"
"Work","Meeting","2025-08-18","10:00:20","10:28:40","00:28:20","+03:00","false","false"
"Work","SCHOCH-1353","2025-08-18","10:15:10","10:15:11","00:00:01","+03:00","false","false"
"Work",,"2025-08-18","10:15:13","10:15:16","00:00:03","+03:00","false",
"Work","SCHOCH-1353","2025-08-18","11:05:07","11:12:25","00:07:18","+03:00","false","false"
"Programming","Competitive programming ","2025-08-18","11:12:27","12:59:49","01:47:22","+03:00","false","false"
"Programming","Competitive programming ","2025-08-18","13:55:09","14:05:19","00:10:10","+03:00","false","false"
"Programming","Competitive programming ","2025-08-18","14:49:13","15:43:55","00:54:42","+03:00","false","false"
"Programming","Competitive programming ","2025-08-18","15:48:59","16:14:55","00:25:56","+03:00","false","false"
"Programming","Competitive programming ","2025-08-18","18:53:17","21:23:00","02:29:43","+03:00","false","false"
"Work","ENTRY-451","2025-08-19","08:35:45","08:55:31","00:19:46","+03:00","false","false"
"Work","SCHOCH-1424","2025-08-19","08:55:43","09:27:39","00:31:56","+03:00","false","false"
"Finance",,"2025-08-19","09:42:15","10:06:04","00:23:49","+03:00","false",
"Work","Meeting","2025-08-19","10:06:07","11:00:20","00:54:13","+03:00","false","false"
"Programming","Competitive programming ","2025-08-19","12:04:54","13:53:26","01:48:32","+03:00","false","false"
"General CS","Performace oriented programming ","2025-08-19","13:56:21","14:30:38","00:34:17","+03:00","false","false"
"General CS","Performace oriented programming ","2025-08-19","14:30:50","15:06:13","00:35:23","+03:00","false","false"
"Work",,"2025-08-19","15:20:45","16:37:42","01:16:57","+03:00","false",
"Programming","Competitive programming ","2025-08-19","18:25:03","19:18:50","00:53:47","+03:00","false","false"
"Work","SCHOCH-1424","2025-08-20","08:38:03","09:06:57","00:28:54","+03:00","false","false"
"Work","SCHOCH-1353","2025-08-20","09:07:02","10:00:02","00:53:00","+03:00","false","false"
"Work","Meeting","2025-08-20","10:01:34","11:10:13","01:08:39","+03:00","false","false"
"Programming","Competitive programming ","2025-08-20","11:15:59","12:08:56","00:52:57","+03:00","false","false"
"Work","KLOTZ-472","2025-08-20","13:29:14","14:13:05","00:43:51","+03:00","false","false"
"General CS",,"2025-08-20","15:04:09","15:08:35","00:04:26","+03:00","false",
"General CS",,"2025-08-20","15:30:34","16:07:14","00:36:40","+03:00","false",
"General CS","Performace oriented programming ","2025-08-20","16:07:19","16:09:35","00:02:16","+03:00","false","false"
"Programming","Competitive programming ","2025-08-20","17:44:30","19:03:05","01:18:35","+03:00","false","false"
"Programming","Competitive programming ","2025-08-20","19:31:26","21:01:41","01:30:15","+03:00","false","false"
"Work","SCHOCH-1431","2025-08-21","08:01:59","08:46:23","00:44:24","+03:00","false","false"
"Work","SCHOCH-1307","2025-08-21","08:46:35","09:39:17","00:52:42","+03:00","false","false"
"Work","Meeting","2025-08-21","10:02:30","11:58:53","01:56:23","+03:00","false","false"
"Work",,"2025-08-21","13:21:21","13:23:45","00:02:24","+03:00","false",
"Programming","Competitive programming ","2025-08-21","13:23:46","15:29:41","02:05:55","+03:00","false","false"
"Programming","Competitive programming ","2025-08-21","16:58:53","17:43:06","00:44:13","+03:00","false","false"
"Programming",,"2025-08-21","20:54:06","22:03:36","01:09:30","+03:00","false",
"Work","SCHOCH-1234","2025-08-22","08:23:54","08:37:27","00:13:33","+03:00","false","false"
"Work",,"2025-08-22","08:37:29","09:14:00","00:36:31","+03:00","false",
"Work","Meeting","2025-08-22","10:01:08","10:59:02","00:57:54","+03:00","false","false"
"Work","SCHOCH-1234","2025-08-22","11:27:02","12:27:03","01:00:01","+03:00","false","false"
"Work","SCHOCH-1234","2025-08-22","13:26:26","14:04:22","00:37:56","+03:00","false","false"
"Programming","Competitive programming ","2025-08-22","15:01:25","16:34:48","01:33:23","+03:00","false","false"
"Programming","Competitive programming ","2025-08-22","17:21:52","18:14:20","00:52:28","+03:00","false","false"
"General CS","Performace oriented programming ","2025-08-22","18:58:40","19:17:02","00:18:22","+03:00","false","false"
"Programming","Competitive programming ","2025-08-23","10:32:09","11:54:50","01:22:41","+03:00","false","false"
"Programming","Competitive programming ","2025-08-23","12:01:00","12:11:29","00:10:29","+03:00","false","false"
"Programming","Competitive programming ","2025-08-23","13:48:19","15:11:03","01:22:44","+03:00","false","false"
"Programming","Competitive programming ","2025-08-23","15:19:50","15:52:41","00:32:51","+03:00","false","false"
"Programming","Competitive programming ","2025-08-23","16:09:02","16:09:03","00:00:01","+03:00","false","false"
"Programming","Competitive programming ","2025-08-24","11:28:29","13:39:07","02:10:38","+03:00","false","false"
"Programming","Competitive programming ","2025-08-24","13:39:19","13:55:51","00:16:32","+03:00","false","false"
"Programming","Competitive programming ","2025-08-24","15:01:55","15:40:09","00:38:14","+03:00","false","false"
"Work","Meeting","2025-08-25","10:01:15","10:49:52","00:48:37","+03:00","false","false"
"Work",,"2025-08-25","10:58:15","11:27:39","00:29:24","+03:00","false",
"Work","KLOTZ-487","2025-08-25","11:55:19","12:28:19","00:33:00","+03:00","false","false"
"Work",,"2025-08-25","16:02:04","17:54:38","01:52:34","+03:00","false",
"Programming","Competitive programming ","2025-08-25","19:11:43","20:30:34","01:18:51","+03:00","false","false"
"Work","KLOTZ-486","2025-08-26","09:29:51","09:49:33","00:19:42","+03:00","false","false"
"Work","Meeting","2025-08-26","09:59:22","10:39:28","00:40:06","+03:00","false","false"
"Programming","Competitive programming ","2025-08-26","16:36:26","17:06:32","00:30:06","+03:00","false","false"
"Work","SCHOCH-1234","2025-08-26","20:04:00","20:04:04","00:00:04","+03:00","false","false"
"Work","KLOTZ-486","2025-08-26","20:04:17","20:44:58","00:40:41","+03:00","false","false"
"Programming","Competitive programming ","2025-08-27","07:01:04","07:18:06","00:17:02","+03:00","false","false"
"Programming","Competitive programming ","2025-08-27","07:36:29","09:46:10","02:09:41","+03:00","false","false"
"Work","Meeting","2025-08-27","10:02:09","10:43:07","00:40:58","+03:00","false","false"
"Work","SCHOCH-1234","2025-08-27","11:22:29","11:41:59","00:19:30","+03:00","false","false"
"Programming","Competitive programming ","2025-08-27","12:32:49","13:17:13","00:44:24","+03:00","false","false"
"Programming","Competitive programming ","2025-08-27","13:26:30","14:27:36","01:01:06","+03:00","false","false"
"Programming","Competitive programming ","2025-08-27","19:10:36","20:13:57","01:03:21","+03:00","false","false"
"Programming","Competitive programming ","2025-08-28","07:50:56","08:50:41","00:59:45","+03:00","false","false"
"Programming","Competitive programming ","2025-08-28","09:01:23","09:06:37","00:05:14","+03:00","false","false"
"Programming","Competitive programming ","2025-08-28","09:13:12","10:02:28","00:49:16","+03:00","false","false"
"Work","Meeting","2025-08-28","10:02:30","10:51:17","00:48:47","+03:00","false","false"
"Work",,"2025-08-28","11:38:28","11:38:29","00:00:01","+03:00","false",
"Work","SKIN-1808","2025-08-28","11:47:46","11:50:42","00:02:56","+03:00","false","false"
"Work",,"2025-08-28","11:50:42","11:54:49","00:04:07","+03:00","false",
"Work","SKIN-1808","2025-08-28","12:04:05","13:44:26","01:40:21","+03:00","false","false"
"Programming","Competitive programming ","2025-08-28","14:20:12","15:01:44","00:41:32","+03:00","false","false"
"Work","SKIN-1808","2025-08-28","15:07:15","15:38:22","00:31:07","+03:00","false","false"
"Work","SKIN-1808","2025-08-28","15:45:23","16:49:37","01:04:14","+03:00","false","false"
"Programming","Competitive programming ","2025-08-28","18:38:27","20:29:27","01:51:00","+03:00","false","false"
"Programming","Competitive programming ","2025-08-28","21:12:39","21:16:24","00:03:45","+03:00","false","false"
"Work","SCHOCH-1353","2025-08-29","09:11:25","10:02:04","00:50:39","+03:00","false","false"
"Work","Meeting","2025-08-29","10:02:06","10:41:01","00:38:55","+03:00","false","false"
"Work",,"2025-08-29","11:41:35","12:10:26","00:28:51","+03:00","false",
"Programming","Competitive programming ","2025-08-29","15:28:42","16:17:53","00:49:11","+03:00","false","false"
"General CS",,"2025-08-29","17:14:48","18:25:02","01:10:14","+03:00","false",
"Programming","Competitive programming ","2025-08-29","19:32:26","19:43:26","00:11:00","+03:00","false","false"
"Programming","Competitive programming ","2025-08-29","19:56:10","20:54:29","00:58:19","+03:00","false","false"
"General CS",,"2025-08-29","21:02:58","22:49:59","01:47:01","+03:00","false",
"General CS",,"2025-08-30","10:50:26","11:20:24","00:29:58","+03:00","false",
"Programming","Competitive programming ","2025-08-30","11:59:34","12:51:03","00:51:29","+03:00","false","false"
"Programming","Competitive programming ","2025-08-30","14:21:32","14:23:23","00:01:51","+03:00","false","false"
"Programming","Competitive programming ","2025-08-30","14:25:40","15:21:54","00:56:14","+03:00","false","false"
"Programming","Competitive programming ","2025-08-30","16:27:41","16:31:32","00:03:51","+03:00","false","false"
"Programming","Competitive programming ","2025-08-30","16:31:52","16:52:37","00:20:45","+03:00","false","false"
"Programming","Competitive programming ","2025-08-30","17:20:18","18:42:06","01:21:48","+03:00","false","false"
"General CS",,"2025-08-30","19:20:27","20:11:26","00:50:59","+03:00","false",
"Programming","Competitive programming ","2025-08-31","09:34:52","11:24:45","01:49:53","+03:00","false","false"
"Work","KLOTZ-486","2025-09-01","09:10:33","09:57:39","00:47:06","+03:00","false","false"
"Work","KLOTZ-492","2025-09-01","09:58:23","10:01:02","00:02:39","+03:00","false","false"
"Work","Meeting","2025-09-01","10:01:06","10:35:17","00:34:11","+03:00","false","false"
"Practica",,"2025-09-01","12:05:55","13:36:13","01:30:18","+03:00","false",
"General CS",,"2025-09-01","13:55:32","13:55:37","00:00:05","+03:00","false",
"Practica",,"2025-09-01","15:39:03","17:43:43","02:04:40","+03:00","false",
"Practica",,"2025-09-01","18:01:51","18:43:18","00:41:27","+03:00","false",
"Programming","Competitive programming ","2025-09-01","18:43:22","19:07:29","00:24:07","+03:00","false","false"
"Work","KLOTZ-492","2025-09-02","07:29:08","07:49:50","00:20:42","+03:00","false","false"
"Work","KLOTZ-492","2025-09-02","08:01:14","09:41:14","01:40:00","+03:00","false","false"
"Work","Meeting","2025-09-02","10:00:47","11:04:13","01:03:26","+03:00","false","false"
"Practica",,"2025-09-02","13:45:21","17:42:32","03:57:11","+03:00","false",
"Practica",,"2025-09-02","18:24:00","19:56:34","01:32:34","+03:00","false",
"Work","SCHOCH-1353","2025-09-02","20:37:02","21:15:42","00:38:40","+03:00","false","false"
"Work","KLOTZ-468","2025-09-02","21:19:20","21:22:01","00:02:41","+03:00","false","false"
"Programming","Competitive programming ","2025-09-02","22:06:39","22:54:21","00:47:42","+03:00","false","false"
"Practica",,"2025-09-03","09:30:36","11:58:09","02:27:33","+03:00","false",
"Practica",,"2025-09-03","12:01:53","12:47:19","00:45:26","+03:00","false",
"Practica",,"2025-09-03","13:48:33","15:53:17","02:04:44","+03:00","false",
"Practica",,"2025-09-03","18:17:50","19:53:32","01:35:42","+03:00","false",
"Programming","Competitive programming ","2025-09-03","21:18:34","21:56:04","00:37:30","+03:00","false","false"
"Work","KLOTZ-468","2025-09-04","07:31:35","08:05:45","00:34:10","+03:00","false","false"
"Work","KLOTZ-468","2025-09-04","08:06:07","08:08:44","00:02:37","+03:00","false","false"
"Work","KLOTZ-467","2025-09-04","08:09:07","08:12:04","00:02:57","+03:00","false","false"
"Practica",,"2025-09-04","09:00:51","16:25:37","07:24:46","+03:00","false",
"Work","KLOTZ-468","2025-09-04","20:45:54","21:04:57","00:19:03","+03:00","false","false"
"Work","KLOTZ-467","2025-09-04","21:04:59","21:27:31","00:22:32","+03:00","false","false"
"Work","KLOTZ-486","2025-09-04","21:28:05","21:53:10","00:25:05","+03:00","false","false"
"Work","KLOTZ-468","2025-09-04","22:00:34","22:14:39","00:14:05","+03:00","false","false"
"Practica",,"2025-09-05","10:00:56","13:31:31","03:30:35","+03:00","false",
"Practica",,"2025-09-05","14:32:57","15:38:04","01:05:07","+03:00","false",
"Programming","Competitive programming ","2025-09-05","19:13:09","20:35:42","01:22:33","+03:00","false","false"
"Programming","Competitive programming ","2025-09-05","20:43:27","21:24:55","00:41:28","+03:00","false","false"
"Programming","Competitive programming ","2025-09-06","14:37:34","16:05:12","01:27:38","+03:00","false","false"
"Programming","Competitive programming ","2025-09-06","20:34:48","20:55:45","00:20:57","+03:00","false","false"
"Programming","Competitive programming ","2025-09-07","14:08:35","14:13:37","00:05:02","+03:00","false","false"
"Programming","Competitive programming ","2025-09-07","17:26:34","18:49:43","01:23:09","+03:00","false","false"
"Programming","Competitive programming ","2025-09-07","18:54:27","18:59:10","00:04:43","+03:00","false","false"
"Programming","Competitive programming ","2025-09-07","19:27:55","19:48:43","00:20:48","+03:00","false","false"
"Programming","Competitive programming ","2025-09-07","21:58:30","22:58:41","01:00:11","+03:00","false","false"
"Practica",,"2025-09-08","08:27:45","08:36:47","00:09:02","+03:00","false",
"Work","KLOTZ-468","2025-09-08","08:36:53","09:13:43","00:36:50","+03:00","false","false"
"Work","KLOTZ-467","2025-09-08","09:46:15","10:12:29","00:26:14","+03:00","false","false"
"Work","KLOTZ-468","2025-09-08","10:55:04","11:20:28","00:25:24","+03:00","false","false"
"Practica",,"2025-09-08","11:20:49","13:24:56","02:04:07","+03:00","false",
"Practica",,"2025-09-08","13:31:57","14:27:14","00:55:17","+03:00","false",
"Practica",,"2025-09-08","14:30:01","14:41:35","00:11:34","+03:00","false",
"Practica",,"2025-09-08","16:06:33","17:30:01","01:23:28","+03:00","false",
"Practica",,"2025-09-08","18:43:55","20:37:35","01:53:40","+03:00","false",
"Practica",,"2025-09-09","09:05:49","16:28:54","07:23:05","+03:00","false",
"Practica",,"2025-09-09","18:27:52","21:33:56","03:06:04","+03:00","false",
"Practica",,"2025-09-10","09:50:14","14:10:21","04:20:07","+03:00","false",
"Programming","Competitive programming ","2025-09-10","18:16:18","18:25:51","00:09:33","+03:00","false","false"
"Programming","Competitive programming ","2025-09-10","18:55:28","19:32:50","00:37:22","+03:00","false","false"
"Practica",,"2025-09-10","20:21:25","21:48:41","01:27:16","+03:00","false",
"Practica",,"2025-09-11","09:40:37","14:00:44","04:20:07","+03:00","false",
"Programming","Competitive programming ","2025-09-11","18:23:10","19:46:20","01:23:10","+03:00","false","false"
"Practica",,"2025-09-12","09:05:45","12:00:54","02:55:09","+03:00","false",
"Programming","Competitive programming ","2025-09-12","16:29:05","17:04:55","00:35:50","+03:00","false","false"
"Programming","Competitive programming ","2025-09-12","19:30:23","20:20:52","00:50:29","+03:00","false","false"
"Practica",,"2025-09-13","10:00:27","11:00:34","01:00:07","+03:00","false",
"Programming","Competitive programming ","2025-09-13","14:07:47","15:39:28","01:31:41","+03:00","false","false"
"General CS",,"2025-09-13","16:19:00","16:22:52","00:03:52","+03:00","false",
"Programming","Competitive programming ","2025-09-13","17:35:31","20:01:44","02:26:13","+03:00","false","false"
"Work","KLOTZ-468","2025-09-14","12:14:47","12:22:13","00:07:26","+03:00","false","false"
"Programming","Competitive programming ","2025-09-14","12:34:00","13:30:32","00:56:32","+03:00","false","false"
"Work","KLOTZ-468","2025-09-14","15:02:57","15:30:49","00:27:52","+03:00","false","false"
"Work","KLOTZ-468","2025-09-14","16:10:07","16:10:08","00:00:01","+03:00","false","false"
"Programming","Competitive programming ","2025-09-14","16:10:09","17:35:03","01:24:54","+03:00","false","false"
"Programming","Competitive programming ","2025-09-14","19:27:42","20:00:29","00:32:47","+03:00","false","false"
"Programming","Competitive programming ","2025-09-14","20:04:35","20:16:15","00:11:40","+03:00","false","false"
"Programming","Competitive programming ","2025-09-15","10:11:04","11:04:43","00:53:39","+03:00","false","false"
"Practica",,"2025-09-15","12:37:01","17:25:10","04:48:09","+03:00","false",
"Programming","Competitive programming ","2025-09-15","17:25:12","19:33:12","02:08:00","+03:00","false","false"
"Work","KLOTZ-468","2025-09-15","19:57:14","20:30:26","00:33:12","+03:00","false","false"
"Practica",,"2025-09-16","09:40:53","16:01:20","06:20:27","+03:00","false",
"Programming","Competitive programming ","2025-09-16","19:53:44","20:18:14","00:24:30","+03:00","false","false"
"Programming","Competitive programming ","2025-09-16","20:26:26","21:36:32","01:10:06","+03:00","false","false"
"Practica",,"2025-09-17","09:30:59","13:05:06","03:34:07","+03:00","false",
"Programming","Competitive programming ","2025-09-17","14:52:57","14:52:58","00:00:01","+03:00","false","false"
"Programming","Competitive programming ","2025-09-17","16:33:04","17:28:51","00:55:47","+03:00","false","false"
"Programming","Competitive programming ","2025-09-17","17:35:30","19:44:13","02:08:43","+03:00","false","false"
"Programming","Competitive programming ","2025-09-17","22:10:01","23:09:36","00:59:35","+03:00","false","false"
"Practica",,"2025-09-18","09:40:26","10:58:06","01:17:40","+03:00","false",
"Programming","Competitive programming ","2025-09-18","10:10:24","10:10:25","00:00:01","+03:00","false","false"
"Programming","Competitive programming ","2025-09-18","10:58:07","14:33:54","03:35:47","+03:00","false","false"
"Programming","Competitive programming ","2025-09-18","17:41:13","19:27:35","01:46:22","+03:00","false","false"
"Practica",,"2025-09-19","10:05:54","13:00:20","02:54:26","+03:00","false",
"General CS",,"2025-09-19","15:42:30","16:43:00","01:00:30","+03:00","false",
"Programming","Competitive programming ","2025-09-19","17:50:01","19:46:42","01:56:41","+03:00","false","false"
"Programming","Competitive programming ","2025-09-20","17:35:39","20:46:57","03:11:18","+03:00","false","false"
"Programming","Competitive programming ","2025-09-20","21:01:10","21:25:04","00:23:54","+03:00","false","false"
"Programming","Competitive programming ","2025-09-21","10:24:31","10:58:55","00:34:24","+03:00","false","false"
"Programming","Competitive programming ","2025-09-21","11:37:52","14:59:02","03:21:10","+03:00","false","false"
"Programming","Competitive programming ","2025-09-21","15:24:28","15:44:15","00:19:47","+03:00","false","false"
"Programming","Competitive programming ","2025-09-21","16:49:00","17:15:40","00:26:40","+03:00","false","false"
"Programming","Competitive programming ","2025-09-21","17:36:08","19:45:49","02:09:41","+03:00","false","false"
"Work","KLOTZ-468","2025-09-21","19:46:25","21:57:23","02:10:58","+03:00","false","false"
"Programming","Competitive programming ","2025-09-22","10:18:55","10:46:39","00:27:44","+03:00","false","false"
"Programming","Competitive programming ","2025-09-22","16:40:08","18:40:23","02:00:15","+03:00","false","false"
"Work","KLOTZ-468","2025-09-22","18:40:24","20:15:24","01:35:00","+03:00","false","false"
"Work","KLOTZ-468","2025-09-23","14:42:43","14:42:44","00:00:01","+03:00","false","false"
"Programming","Competitive programming ","2025-09-23","14:42:46","14:51:43","00:08:57","+03:00","false","false"
"Programming","Competitive programming ","2025-09-23","15:03:08","15:35:31","00:32:23","+03:00","false","false"
"Work",,"2025-09-23","15:35:34","17:02:20","01:26:46","+03:00","false",
"Programming","Competitive programming ","2025-09-23","17:05:36","17:15:41","00:10:05","+03:00","false","false"
"Programming","Competitive programming ","2025-09-23","17:15:11","17:15:27","00:00:16","+03:00","false","false"
"Programming","Competitive programming ","2025-09-23","18:21:25","19:30:17","01:08:52","+03:00","false","false"
"Programming","Competitive programming ","2025-09-23","19:48:53","20:18:11","00:29:18","+03:00","false","false"
"Programming","Competitive programming ","2025-09-23","21:05:29","21:43:29","00:38:00","+03:00","false","false"
"Programming","Competitive programming ","2025-09-24","09:17:03","09:38:35","00:21:32","+03:00","false","false"
"Programming","Competitive programming ","2025-09-24","09:53:54","10:07:48","00:13:54","+03:00","false","false"
"Work",,"2025-09-24","10:07:50","13:12:24","03:04:34","+03:00","false",
"Work",,"2025-09-24","13:26:46","13:29:52","00:03:06","+03:00","false",
"Work",,"2025-09-24","13:38:55","14:01:38","00:22:43","+03:00","false",
"Work",,"2025-09-24","14:39:44","15:36:16","00:56:32","+03:00","false",
"Work",,"2025-09-24","15:53:49","17:28:56","01:35:07","+03:00","false",
"Programming","Competitive programming ","2025-09-24","19:29:39","21:44:05","02:14:26","+03:00","false","false"
"Practica",,"2025-09-25","09:00:22","12:12:54","03:12:32","+03:00","false",
"Programming","Competitive programming ","2025-09-25","13:55:47","13:58:58","00:03:11","+03:00","false","false"
"Programming","Competitive programming ","2025-09-25","14:20:41","16:21:22","02:00:41","+03:00","false","false"
"Work",,"2025-09-25","16:47:29","17:12:27","00:24:58","+03:00","false",
"Programming","Competitive programming ","2025-09-25","17:35:24","19:47:03","02:11:39","+03:00","false","false"
"Programming","Competitive programming ","2025-09-25","20:31:24","20:31:25","00:00:01","+03:00","false","false"
"Work",,"2025-09-25","20:31:26","20:33:14","00:01:48","+03:00","false",
"Work",,"2025-09-25","22:00:38","23:06:00","01:05:22","+03:00","false",
"Work","Meeting","2025-09-26","10:00:48","11:01:34","01:00:46","+03:00","false","false"
"Work",,"2025-09-26","12:29:38","12:50:36","00:20:58","+03:00","false",
"Work",,"2025-09-26","13:28:37","13:34:02","00:05:25","+03:00","false",
"Work",,"2025-09-26","14:31:43","14:38:47","00:07:04","+03:00","false",
"Work",,"2025-09-26","14:43:40","14:48:48","00:05:08","+03:00","false",
"Programming","Competitive programming ","2025-09-26","16:09:15","16:58:32","00:49:17","+03:00","false","false"
"Programming","Competitive programming ","2025-09-26","17:09:59","18:04:21","00:54:22","+03:00","false","false"
"Programming","Competitive programming ","2025-09-26","18:56:36","20:05:46","01:09:10","+03:00","false","false"
"Programming","Competitive programming ","2025-09-26","20:36:27","21:29:31","00:53:04","+03:00","false","false"
"Programming","Competitive programming ","2025-09-27","10:02:21","11:17:11","01:14:50","+03:00","false","false"
"Programming","Competitive programming ","2025-09-27","11:30:34","11:37:13","00:06:39","+03:00","false","false"
"Programming","Competitive programming ","2025-09-27","11:52:02","11:54:14","00:02:12","+03:00","false","false"
"Programming","Competitive programming ","2025-09-27","13:17:34","14:26:37","01:09:03","+03:00","false","false"
"Programming","Competitive programming ","2025-09-27","19:48:05","20:35:06","00:47:01","+03:00","false","false"
"Programming","Competitive programming ","2025-09-28","17:19:19","17:36:55","00:17:36","+03:00","false","false"
"Programming","Competitive programming ","2025-09-28","18:56:42","19:31:38","00:34:56","+03:00","false","false"
"Programming","Competitive programming ","2025-09-29","09:53:25","10:28:29","00:35:04","+03:00","false","false"
"Programming","Competitive programming ","2025-09-29","10:31:00","10:53:11","00:22:11","+03:00","false","false"
"Programming","Competitive programming ","2025-09-29","11:43:36","14:55:40","03:12:04","+03:00","false","false"
"Programming","Competitive programming ","2025-09-29","17:10:07","17:43:37","00:33:30","+03:00","false","false"
"Programming","Competitive programming ","2025-09-29","17:46:44","18:57:11","01:10:27","+03:00","false","false"
"Work","KLOTZ-486","2025-09-29","19:30:00","19:52:23","00:22:23","+03:00","false","false"
"Work","KLOTZ-486","2025-09-30","07:48:49","07:48:50","00:00:01","+03:00","false","false"
"Programming","Competitive programming ","2025-09-30","07:48:52","09:04:01","01:15:09","+03:00","false","false"
"Programming","Competitive programming ","2025-09-30","09:58:44","11:08:12","01:09:28","+03:00","false","false"
"Programming","Competitive programming ","2025-09-30","11:35:08","13:00:07","01:24:59","+03:00","false","false"
"Programming","Competitive programming ","2025-09-30","14:08:47","14:10:01","00:01:14","+03:00","false","false"
"Programming","Competitive programming ","2025-09-30","15:47:26","17:14:21","01:26:55","+03:00","false","false"
"Programming","Competitive programming ","2025-09-30","17:45:51","18:53:08","01:07:17","+03:00","false","false"
"Work","BREAKA-207","2025-09-30","20:28:15","21:34:33","01:06:18","+03:00","false","false"
"Programming","Competitive programming ","2025-10-01","09:47:50","11:05:47","01:17:57","+03:00","false","false"
"Work","BREAKA-207","2025-10-01","10:12:47","10:12:48","00:00:01","+03:00","false","false"
"Work","BREAKA-207","2025-10-01","11:13:22","11:13:23","00:00:01","+03:00","false","false"
"Programming","Competitive programming ","2025-10-01","11:13:24","11:18:51","00:05:27","+03:00","false","false"
"Programming","Competitive programming ","2025-10-01","12:22:13","13:04:52","00:42:39","+03:00","false","false"
"Programming",,"2025-10-01","13:45:12","15:00:53","01:15:41","+03:00","false",
"Programming","Competitive programming ","2025-10-01","15:59:17","16:45:29","00:46:12","+03:00","false","false"
"Programming","Competitive programming ","2025-10-01","17:07:50","18:42:30","01:34:40","+03:00","false","false"
"Programming","Competitive programming ","2025-10-01","19:42:21","19:52:22","00:10:01","+03:00","false","false"
"Programming","Competitive programming ","2025-10-01","20:06:41","20:55:38","00:48:57","+03:00","false","false"
"Programming","Competitive programming ","2025-10-02","09:46:21","12:00:12","02:13:51","+03:00","false","false"
"Programming","Competitive programming ","2025-10-02","15:38:05","16:51:10","01:13:05","+03:00","false","false"
"Programming","Competitive programming ","2025-10-02","17:17:54","18:44:54","01:27:00","+03:00","false","false"
"Programming","Competitive programming ","2025-10-02","19:14:28","19:24:33","00:10:05","+03:00","false","false"
"Programming","Competitive programming ","2025-10-02","20:14:18","20:51:37","00:37:19","+03:00","false","false"
"General CS","Operating Systems","2025-10-02","21:01:47","22:12:06","01:10:19","+03:00","false","false"
"Programming",,"2025-10-02","21:36:37","21:36:42","00:00:05","+03:00","false",
"Programming","Competitive programming ","2025-10-03","09:53:03","10:13:17","00:20:14","+03:00","false","false"
"Programming","Competitive programming ","2025-10-03","17:35:50","20:33:59","02:58:09","+03:00","false","false"
"Programming","Competitive programming ","2025-10-03","20:33:39","20:33:49","00:00:10","+03:00","false","false"
"Programming","Competitive programming ","2025-10-03","22:08:13","22:42:14","00:34:01","+03:00","false","false"
"Programming","Competitive programming ","2025-10-04","13:51:53","13:51:54","00:00:01","+03:00","false","false"
"Work",,"2025-10-04","13:51:56","13:52:00","00:00:04","+03:00","false",
"Programming","Os","2025-10-04","13:52:04","15:45:20","01:53:16","+03:00","false","false"
"Programming","Os","2025-10-04","17:45:44","18:49:22","01:03:38","+03:00","false","false"
"Programming","Competitive programming ","2025-10-04","19:09:14","20:20:09","01:10:55","+03:00","false","false"
"Programming","Os","2025-10-04","20:53:51","21:49:06","00:55:15","+03:00","false","false"
"Programming","Competitive programming ","2025-10-05","10:22:02","10:42:49","00:20:47","+03:00","false","false"
"Work","KLOTZ-494","2025-10-05","10:43:19","13:00:38","02:17:19","+03:00","false","false"
"Programming","Os","2025-10-05","16:39:34","18:48:27","02:08:53","+03:00","false","false"
"Programming","Competitive programming ","2025-10-05","19:35:26","21:34:11","01:58:45","+03:00","false","false"
"Programming","Os","2025-10-06","10:36:57","13:03:45","02:26:48","+03:00","false","false"
"Programming","Os","2025-10-06","14:30:36","14:59:13","00:28:37","+03:00","false","false"
"Work","KLOTZ-486","2025-10-06","18:27:08","18:54:10","00:27:02","+03:00","false","false"
"Programming","Competitive programming ","2025-10-06","21:21:18","22:18:39","00:57:21","+03:00","false","false"
"Work","Meeting","2025-10-07","10:00:22","10:49:10","00:48:48","+03:00","false","false"
"Work","SCHOCH-1461","2025-10-07","11:06:59","11:12:53","00:05:54","+03:00","false","false"
"Work","SCHOCH-1461","2025-10-07","13:07:36","13:15:19","00:07:43","+03:00","false","false"
"Work","SCHOCH-1257","2025-10-07","13:15:28","14:15:24","00:59:56","+03:00","false","false"
"Programming","Os","2025-10-07","15:31:26","16:27:58","00:56:32","+03:00","false","false"
"Programming","Os","2025-10-07","16:31:11","17:54:24","01:23:13","+03:00","false","false"
"Programming","Os","2025-10-07","18:07:06","18:33:26","00:26:20","+03:00","false","false"
"Programming","Competitive programming ","2025-10-07","19:28:16","20:50:23","01:22:07","+03:00","false","false"
"Programming","Competitive programming ","2025-10-07","21:04:03","21:44:10","00:40:07","+03:00","false","false"
"Programming","Os","2025-10-07","21:44:00","21:44:01","00:00:01","+03:00","false","false"
"Programming","Os","2025-10-08","08:35:35","09:49:40","01:14:05","+03:00","false","false"
"General CS","DBs","2025-10-08","09:51:10","10:05:56","00:14:46","+03:00","false","false"
"Programming","Os","2025-10-08","10:05:56","11:31:40","01:25:44","+03:00","false","false"
"General CS","DBs","2025-10-08","11:38:19","13:19:56","01:41:37","+03:00","false","false"
"Programming","Os","2025-10-08","16:32:19","19:19:39","02:47:20","+03:00","false","false"
"Work","SCHOCH-1461","2025-10-08","20:59:39","21:20:55","00:21:16","+03:00","false","false"
"Work","SCHOCH-1461","2025-10-08","21:32:06","22:03:21","00:31:15","+03:00","false","false"
"General CS","Computer Graphics","2025-10-09","08:44:32","09:33:37","00:49:05","+03:00","false","false"
"General CS","Computer Graphics","2025-10-09","09:30:07","11:04:26","01:34:19","+03:00","false","false"
"General CS","Computer Graphics","2025-10-09","13:42:42","14:12:25","00:29:43","+03:00","false","false"
"General CS",,"2025-10-09","14:39:31","14:39:32","00:00:01","+03:00","false",
"General CS","Operating Systems","2025-10-09","14:39:40","14:49:33","00:09:53","+03:00","false","false"
"Programming","Competitive programming ","2025-10-09","15:37:22","17:29:01","01:51:39","+03:00","false","false"
"Programming","Os","2025-10-09","18:54:12","19:02:22","00:08:10","+03:00","false","false"
"Programming","Os","2025-10-09","19:28:53","19:32:13","00:03:20","+03:00","false","false"
"Programming","Os","2025-10-09","21:09:05","21:24:10","00:15:05","+03:00","false","false"
"Work","KLOTZ-486","2025-10-09","21:46:51","22:44:55","00:58:04","+03:00","false","false"
"Work","SCHOCH-1461","2025-10-10","09:46:56","11:11:46","01:24:50","+03:00","false","false"
"Programming","Competitive programming ","2025-10-10","17:35:51","19:27:32","01:51:41","+03:00","false","false"
"General CS",,"2025-10-11","11:50:31","13:12:13","01:21:42","+03:00","false",
"General CS",,"2025-10-11","17:19:51","18:20:31","01:00:40","+03:00","false",
"Programming","Competitive programming ","2025-10-11","19:40:47","21:19:12","01:38:25","+03:00","false","false"
"General CS",,"2025-10-12","11:13:57","13:07:33","01:53:36","+03:00","false",
"Programming","Os","2025-10-12","13:07:36","14:41:43","01:34:07","+03:00","false","false"
"Programming","Os","2025-10-12","15:18:15","16:28:24","01:10:09","+03:00","false","false"
"Programming","Os","2025-10-12","16:52:10","17:22:25","00:30:15","+03:00","false","false"
"Programming","Competitive programming ","2025-10-12","19:29:32","20:42:54","01:13:22","+03:00","false","false"
"Programming","Os","2025-10-12","22:31:03","22:54:33","00:23:30","+03:00","false","false"
"Work","Meeting","2025-10-13","10:01:37","10:52:35","00:50:58","+03:00","false","false"
"Programming","Os","2025-10-13","13:37:16","15:05:19","01:28:03","+03:00","false","false"
"Programming","Os","2025-10-13","15:06:17","18:19:52","03:13:35","+03:00","false","false"
"Programming","Os","2025-10-13","20:10:28","20:34:14","00:23:46","+03:00","false","false"
"Programming","Competitive programming ","2025-10-13","20:34:15","22:03:26","01:29:11","+03:00","false","false"
"Work","Meeting","2025-10-14","10:02:06","12:23:12","02:21:06","+03:00","false","false"
"Programming","Competitive programming ","2025-10-14","18:11:23","18:52:20","00:40:57","+03:00","false","false"
"Programming","Os","2025-10-14","18:52:23","18:57:39","00:05:16","+03:00","false","false"
"Programming","Os","2025-10-14","19:22:12","20:42:34","01:20:22","+03:00","false","false"
"Programming","Competitive programming ","2025-10-14","21:33:04","22:21:37","00:48:33","+03:00","false","false"
"Programming","Os","2025-10-15","10:00:39","10:52:53","00:52:14","+03:00","false","false"
"Programming","Competitive programming ","2025-10-15","15:46:09","17:48:08","02:01:59","+03:00","false","false"
"Work","KLOTZ-524","2025-10-15","18:02:07","18:58:10","00:56:03","+03:00","false","false"
"Programming","Competitive programming ","2025-10-15","19:50:37","20:06:04","00:15:27","+03:00","false","false"
"Programming","Competitive programming ","2025-10-15","20:41:55","21:46:05","01:04:10","+03:00","false","false"
"Programming","Os","2025-10-16","09:45:12","13:04:43","03:19:31","+03:00","false","false"
"Programming","Competitive programming ","2025-10-16","17:14:46","18:48:39","01:33:53","+03:00","false","false"
"Programming","Competitive programming ","2025-10-16","19:12:03","19:44:18","00:32:15","+03:00","false","false"
"Programming","Competitive programming ","2025-10-16","20:17:18","20:48:11","00:30:53","+03:00","false","false"
"Programming",,"2025-10-17","11:40:31","14:11:09","02:30:38","+03:00","false",
"General CS",,"2025-10-18","10:30:38","13:33:53","03:03:15","+03:00","false",
"Work","BREAKA-211","2025-10-18","18:30:19","19:00:24","00:30:05","+03:00","false","false"
"Work","BREAKA-211","2025-10-18","19:48:46","20:23:05","00:34:19","+03:00","false","false"
"Programming","Competitive programming ","2025-10-18","20:28:50","21:50:31","01:21:41","+03:00","false","false"
"Programming","Competitive programming ","2025-10-18","22:46:18","22:46:22","00:00:04","+03:00","false","false"
"Work","BREAKA-211","2025-10-19","10:45:21","11:52:49","01:07:28","+03:00","false","false"
"Work","ENTRY-463","2025-10-19","11:53:15","14:42:28","02:49:13","+03:00","false","false"
"Work","ENTRY-463","2025-10-19","16:03:17","16:37:29","00:34:12","+03:00","false","false"
"Programming","Competitive programming ","2025-10-19","21:16:24","21:58:18","00:41:54","+03:00","false","false"
"Programming","Os","2025-10-20","10:24:01","11:23:58","00:59:57","+03:00","false","false"
"Programming","Os","2025-10-20","12:16:29","12:46:36","00:30:07","+03:00","false","false"
"Programming","Os","2025-10-20","13:53:07","15:06:50","01:13:43","+03:00","false","false"
"Work","BREAKA-211","2025-10-20","16:07:30","16:52:56","00:45:26","+03:00","false","false"
"General CS",,"2025-10-20","18:27:26","18:41:48","00:14:22","+03:00","false",
"General CS",,"2025-10-20","19:18:40","19:32:50","00:14:10","+03:00","false",
"General CS","Concurrency","2025-10-20","20:27:00","21:28:53","01:01:53","+03:00","false","false"
"Math","Stats","2025-10-20","20:50:10","22:10:23","01:20:13","+03:00","false","false"
"Programming","Competitive programming ","2025-10-20","22:10:33","22:34:04","00:23:31","+03:00","false","false"
"General CS",,"2025-10-21","10:06:10","11:11:07","01:04:57","+03:00","false",
"Work","KLOTZ-527","2025-10-21","15:43:35","17:00:26","01:16:51","+03:00","false","false"
"General CS","Concurrency","2025-10-21","18:30:55","19:08:37","00:37:42","+03:00","false","false"
"General CS",,"2025-10-21","19:08:46","19:26:04","00:17:18","+03:00","false",
"General CS",,"2025-10-21","19:37:14","20:06:00","00:28:46","+03:00","false",
"General CS","Concurrency","2025-10-21","20:53:03","21:25:30","00:32:27","+03:00","false","false"
"Programming","Competitive programming ","2025-10-21","21:25:35","22:49:47","01:24:12","+03:00","false","false"
"Programming",,"2025-10-22","10:21:00","12:01:32","01:40:32","+03:00","false",
"Programming",,"2025-10-22","12:41:18","13:09:52","00:28:34","+03:00","false",
"General CS",,"2025-10-22","13:09:52","13:09:55","00:00:03","+03:00","false",
"Programming",,"2025-10-22","13:09:56","13:17:09","00:07:13","+03:00","false",
"Programming",,"2025-10-22","13:52:41","14:28:16","00:35:35","+03:00","false",
"Programming",,"2025-10-22","16:12:32","17:53:52","01:41:20","+03:00","false",
"Work","SKIN-1829","2025-10-22","19:33:18","19:53:56","00:20:38","+03:00","false","false"
"Work","SKIN-1829","2025-10-22","20:35:30","20:58:31","00:23:01","+03:00","false","false"
"Programming",,"2025-10-23","10:26:40","13:12:17","02:45:37","+03:00","false",
"Programming",,"2025-10-23","13:38:37","18:01:48","04:23:11","+03:00","false",
"Work","SCHOCH-1473","2025-10-23","20:53:22","22:02:54","01:09:32","+03:00","false","false"
"Work","Meeting","2025-10-24","10:01:29","10:41:06","00:39:37","+03:00","false","false"
"General CS",,"2025-10-24","11:40:09","13:59:19","02:19:10","+03:00","false",
"General CS","Concurrency","2025-10-24","15:58:04","16:41:45","00:43:41","+03:00","false","false"
"Programming",,"2025-10-24","17:31:41","18:08:56","00:37:15","+03:00","false",
"Programming",,"2025-10-24","20:33:53","21:48:54","01:15:01","+03:00","false",
"Programming",,"2025-10-24","23:13:40","23:33:24","00:19:44","+03:00","false",
"Work","SCHOCH-1473","2025-10-25","20:04:45","21:21:57","01:17:12","+03:00","false","false"
"Work",,"2025-10-25","21:22:00","21:22:01","00:00:01","+03:00","false",
"Work","SCHOCH-1470","2025-10-25","21:22:12","21:55:18","00:33:06","+03:00","false","false"
"Work","SCHOCH-1470","2025-10-26","08:37:08","10:04:04","01:26:56","+02:00","false","false"
"General CS","DBs","2025-10-26","10:57:13","11:04:31","00:07:18","+02:00","false","false"
"General CS",,"2025-10-26","11:47:42","12:12:53","00:25:11","+02:00","false",
"General CS",,"2025-10-26","13:10:54","15:16:29","02:05:35","+02:00","false",
"General CS","DBs","2025-10-26","15:17:24","17:12:38","01:55:14","+02:00","false","false"
"General CS",,"2025-10-26","19:05:42","19:59:52","00:54:10","+02:00","false",
"Programming","Competitive programming ","2025-10-26","21:53:02","22:20:21","00:27:19","+02:00","false","false"
"Programming","Os","2025-10-27","10:08:55","11:18:04","01:09:09","+02:00","false","false"
"Programming","Os","2025-10-27","16:04:12","17:02:16","00:58:04","+02:00","false","false"
"Work","BREAKA-211","2025-10-27","17:31:47","18:30:34","00:58:47","+02:00","false","false"
"Work","SKIN-1829","2025-10-27","19:55:47","20:42:02","00:46:15","+02:00","false","false"
"Programming","Competitive programming ","2025-10-27","21:37:49","22:01:43","00:23:54","+02:00","false","false"
"General CS",,"2025-10-28","10:07:55","11:46:00","01:38:05","+02:00","false",
"Work","SKIN-1829","2025-10-28","18:09:16","18:28:21","00:19:05","+02:00","false","false"
"Work","SKIN-1829","2025-10-28","19:00:31","21:24:42","02:24:11","+02:00","false","false"
"Programming","Competitive programming ","2025-10-28","22:24:24","23:04:57","00:40:33","+02:00","false","false"
"Programming","Os","2025-10-29","10:00:14","11:14:49","01:14:35","+02:00","false","false"
"Programming","Os","2025-10-29","11:50:43","13:00:49","01:10:06","+02:00","false","false"
"Work","SKIN-1829","2025-10-29","13:57:29","14:20:04","00:22:35","+02:00","false","false"
"Work","SKIN-1829","2025-10-29","15:36:20","17:51:58","02:15:38","+02:00","false","false"
"Programming","Os","2025-10-29","19:22:28","20:18:54","00:56:26","+02:00","false","false"
"Programming","Competitive programming ","2025-10-29","21:29:04","22:10:06","00:41:02","+02:00","false","false"
"Work","Meeting","2025-10-30","10:01:33","12:13:59","02:12:26","+02:00","false","false"
"Work","BREAKA-211","2025-10-30","13:23:25","13:42:38","00:19:13","+02:00","false","false"
"Work","BREAKA-211","2025-10-30","14:11:53","14:11:54","00:00:01","+02:00","false","false"
"Work","SKIN-1829","2025-10-30","14:11:55","14:27:37","00:15:42","+02:00","false","false"
"Work","SKIN-1829","2025-10-30","14:36:29","14:41:39","00:05:10","+02:00","false","false"
"Programming","Os","2025-10-30","15:54:02","16:00:08","00:06:06","+02:00","false","false"
"Programming","Os","2025-10-30","16:03:15","16:38:48","00:35:33","+02:00","false","false"
"Programming",,"2025-10-30","16:38:50","18:09:56","01:31:06","+02:00","false",
"Programming",,"2025-10-30","18:42:22","20:45:03","02:02:41","+02:00","false",
"Programming","Os","2025-10-31","11:41:30","12:27:22","00:45:52","+02:00","false","false"
"Programming","Os","2025-10-31","16:50:09","17:43:54","00:53:45","+02:00","false","false"
"Programming","Os","2025-10-31","19:41:14","21:34:39","01:53:25","+02:00","false","false"
"Programming","Competitive programming ","2025-10-31","22:22:56","22:59:29","00:36:33","+02:00","false","false"
"General CS","Concurrency","2025-11-01","11:16:23","11:16:36","00:00:13","+02:00","false","false"
"General CS","Concurrency","2025-11-01","11:16:50","12:10:28","00:53:38","+02:00","false","false"
"General CS","Concurrency","2025-11-01","15:49:49","16:59:23","01:09:34","+02:00","false","false"
"General CS",,"2025-11-01","17:58:19","20:33:36","02:35:17","+02:00","false",
"General CS","Concurrency","2025-11-01","19:03:13","19:03:14","00:00:01","+02:00","false","false"
"General CS","Concurrency","2025-11-02","11:33:22","13:09:45","01:36:23","+02:00","false","false"
"General CS","Concurrency","2025-11-02","13:13:05","13:37:34","00:24:29","+02:00","false","false"
"General CS","Concurrency","2025-11-02","14:06:03","14:37:29","00:31:26","+02:00","false","false"
"General CS","Concurrency","2025-11-02","14:48:30","15:00:57","00:12:27","+02:00","false","false"
"General CS","Concurrency","2025-11-02","15:18:20","16:03:14","00:44:54","+02:00","false","false"
"General CS","Concurrency","2025-11-02","16:59:51","17:59:50","00:59:59","+02:00","false","false"
"General CS","Concurrency","2025-11-02","19:06:10","20:00:13","00:54:03","+02:00","false","false"
"Programming","Competitive programming ","2025-11-02","20:52:16","21:34:49","00:42:33","+02:00","false","false"
"Programming","Os","2025-11-03","10:41:14","11:15:31","00:34:17","+02:00","false","false"
"Programming","Os","2025-11-03","11:46:54","13:00:54","01:14:00","+02:00","false","false"
"Programming","Os","2025-11-03","13:14:30","13:34:35","00:20:05","+02:00","false","false"
"Programming","Os","2025-11-03","13:38:05","16:03:03","02:24:58","+02:00","false","false"
"General CS","C++","2025-11-03","19:12:04","19:26:36","00:14:32","+02:00","false","false"
"General CS","C++","2025-11-03","19:56:01","20:26:23","00:30:22","+02:00","false","false"
"Programming","Os","2025-11-03","20:26:24","20:26:27","00:00:03","+02:00","false","false"
"General CS","Concurrency","2025-11-03","20:26:34","20:26:58","00:00:24","+02:00","false","false"
"Programming","Competitive programming ","2025-11-03","21:19:28","21:44:32","00:25:04","+02:00","false","false"
"General CS","Concurrency","2025-11-04","10:17:32","10:32:37","00:15:05","+02:00","false","false"
"Programming","Competitive programming ","2025-11-04","10:32:24","10:32:25","00:00:01","+02:00","false","false"
"General CS",,"2025-11-04","11:35:01","13:04:13","01:29:12","+02:00","false",
"General CS","Concurrency","2025-11-04","14:32:18","15:38:05","01:05:47","+02:00","false","false"
"General CS","Concurrency","2025-11-04","16:06:32","18:52:59","02:46:27","+02:00","false","false"
"Work","BREAKA-220","2025-11-04","20:05:11","20:38:47","00:33:36","+02:00","false","false"
"Programming","Competitive programming ","2025-11-04","21:44:32","22:12:53","00:28:21","+02:00","false","false"
"General CS","Concurrency","2025-11-05","08:31:25","09:10:06","00:38:41","+02:00","false","false"
"General CS","Concurrency","2025-11-05","09:55:23","11:15:00","01:19:37","+02:00","false","false"
"General CS","Concurrency","2025-11-05","11:53:20","12:17:25","00:24:05","+02:00","false","false"
"General CS","Concurrency","2025-11-05","12:36:48","13:09:06","00:32:18","+02:00","false","false"
"General CS","Concurrency","2025-11-05","15:56:22","16:14:57","00:18:35","+02:00","false","false"
"General CS","Concurrency","2025-11-05","16:58:30","18:18:48","01:20:18","+02:00","false","false"
"General CS","Concurrency","2025-11-05","19:23:23","19:49:22","00:25:59","+02:00","false","false"
"General CS","Concurrency","2025-11-05","20:09:55","22:36:01","02:26:06","+02:00","false","false"
"Work","SCHOCH-1400","2025-11-06","08:52:40","10:00:38","01:07:58","+02:00","false","false"
"General CS","Concurrency","2025-11-06","13:07:31","13:47:44","00:40:13","+02:00","false","false"
"General CS",,"2025-11-06","14:33:52","15:49:17","01:15:25","+02:00","false",
"Programming","Trading Infrastructure","2025-11-06","15:49:55","16:55:29","01:05:34","+02:00","false","false"
"General CS","Concurrency","2025-11-06","17:12:49","18:07:10","00:54:21","+02:00","false","false"
"General CS",,"2025-11-06","18:07:49","19:46:13","01:38:24","+02:00","false",
"General CS",,"2025-11-06","19:55:36","20:16:19","00:20:43","+02:00","false",
"Programming","Competitive programming ","2025-11-06","22:07:14","22:31:28","00:24:14","+02:00","false","false"
"General CS","Concurrency","2025-11-07","13:13:18","13:22:26","00:09:08","+02:00","false","false"
"General CS","Concurrency","2025-11-07","14:19:21","14:31:35","00:12:14","+02:00","false","false"
"General CS","Concurrency","2025-11-07","15:30:25","16:00:03","00:29:38","+02:00","false","false"
"General CS","Concurrency","2025-11-07","17:29:07","17:36:41","00:07:34","+02:00","false","false"
"General CS","Concurrency","2025-11-07","19:36:04","21:06:19","01:30:15","+02:00","false","false"
"General CS","Concurrency","2025-11-07","21:30:20","22:11:36","00:41:16","+02:00","false","false"
"Programming","Competitive programming ","2025-11-07","22:11:37","22:58:44","00:47:07","+02:00","false","false"
"General CS","Concurrency","2025-11-08","08:47:13","09:16:39","00:29:26","+02:00","false","false"
"General CS","Concurrency","2025-11-08","09:27:31","10:28:45","01:01:14","+02:00","false","false"
"General CS","Concurrency","2025-11-08","11:13:06","11:48:47","00:35:41","+02:00","false","false"
"General CS","Performace oriented programming ","2025-11-08","13:23:57","14:11:14","00:47:17","+02:00","false","false"
"General CS","Performace oriented programming ","2025-11-08","17:58:21","19:04:57","01:06:36","+02:00","false","false"
"Programming","Competitive programming ","2025-11-08","22:30:45","23:26:18","00:55:33","+02:00","false","false"
"Programming","Competitive programming ","2025-11-09","11:05:00","13:22:14","02:17:14","+02:00","false","false"
"General CS","Concurrency","2025-11-09","14:34:29","14:37:15","00:02:46","+02:00","false","false"
"Programming","SPMC Queue","2025-11-09","14:52:08","15:35:14","00:43:06","+02:00","false","false"
"Programming","SPMC Queue","2025-11-09","15:41:44","16:06:16","00:24:32","+02:00","false","false"
"Programming","SPMC Queue","2025-11-09","16:18:19","16:21:49","00:03:30","+02:00","false","false"
"Programming","SPMC Queue","2025-11-09","17:18:46","17:35:23","00:16:37","+02:00","false","false"
"General CS","Performace oriented programming ","2025-11-09","20:17:10","21:16:31","00:59:21","+02:00","false","false"
"General CS","Performace oriented programming ","2025-11-10","10:09:09","11:24:45","01:15:36","+02:00","false","false"
"General CS","Performace oriented programming ","2025-11-10","11:28:36","12:23:59","00:55:23","+02:00","false","false"
"General CS",,"2025-11-10","12:50:34","12:59:38","00:09:04","+02:00","false",
"General CS",,"2025-11-10","17:08:00","18:00:37","00:52:37","+02:00","false",
"General CS",,"2025-11-10","19:34:30","19:34:32","00:00:02","+02:00","false",
"General CS","Performace oriented programming ","2025-11-10","19:34:33","20:32:40","00:58:07","+02:00","false","false"
"General CS",,"2025-11-10","20:42:18","21:02:23","00:20:05","+02:00","false",
"Programming","Competitive programming ","2025-11-10","21:32:09","22:32:17","01:00:08","+02:00","false","false"
"General CS","Performace oriented programming ","2025-11-11","11:03:52","11:14:20","00:10:28","+02:00","false","false"
"General CS","Performace oriented programming ","2025-11-11","11:31:57","14:00:56","02:28:59","+02:00","false","false"
"General CS","Performace oriented programming ","2025-11-11","16:00:15","16:10:18","00:10:03","+02:00","false","false"
"General CS","Performace oriented programming ","2025-11-11","16:32:57","18:02:37","01:29:40","+02:00","false","false"
"Programming","Competitive programming ","2025-11-11","19:35:32","20:23:12","00:47:40","+02:00","false","false"
"Programming","Competitive programming ","2025-11-11","21:15:24","21:47:42","00:32:18","+02:00","false","false"
"Programming","Competitive programming ","2025-11-11","21:51:24","22:27:28","00:36:04","+02:00","false","false"
"General CS","Performace oriented programming ","2025-11-12","09:37:49","10:12:25","00:34:36","+02:00","false","false"
"General CS","Performace oriented programming ","2025-11-12","10:34:11","10:53:55","00:19:44","+02:00","false","false"
"General CS","Performace oriented programming ","2025-11-12","11:35:26","11:37:27","00:02:01","+02:00","false","false"
"General CS","Performace oriented programming ","2025-11-12","11:44:50","12:22:46","00:37:56","+02:00","false","false"
"General CS","Performace oriented programming ","2025-11-12","14:37:42","15:00:32","00:22:50","+02:00","false","false"
"General CS","Performace oriented programming ","2025-11-12","16:29:50","18:03:14","01:33:24","+02:00","false","false"
"Programming",,"2025-11-12","18:22:58","19:16:26","00:53:28","+02:00","false",
"Programming",,"2025-11-12","19:36:40","19:46:47","00:10:07","+02:00","false",
"Work","SCHOCH-1307","2025-11-12","20:18:12","20:35:42","00:17:30","+02:00","false","false"
"Programming","Competitive programming ","2025-11-12","21:48:54","22:36:02","00:47:08","+02:00","false","false"
"General CS","Performace oriented programming ","2025-11-13","10:37:27","11:16:57","00:39:30","+02:00","false","false"
"Work","SCHOCH-1307","2025-11-13","12:22:39","13:13:30","00:50:51","+02:00","false","false"
"General CS",,"2025-11-13","13:13:34","13:13:35","00:00:01","+02:00","false",
"General CS","Performace oriented programming ","2025-11-13","13:13:36","14:03:40","00:50:04","+02:00","false","false"
"General CS","Performace oriented programming ","2025-11-13","14:47:42","16:26:09","01:38:27","+02:00","false","false"
"General CS","Performace oriented programming ","2025-11-13","19:16:48","19:37:48","00:21:00","+02:00","false","false"
"General CS","Performace oriented programming ","2025-11-13","19:54:10","20:55:45","01:01:35","+02:00","false","false"
"Programming","Competitive programming ","2025-11-13","21:21:20","22:19:35","00:58:15","+02:00","false","false"
"General CS","Performace oriented programming ","2025-11-14","10:02:33","10:40:43","00:38:10","+02:00","false","false"
"General CS","Performace oriented programming ","2025-11-14","11:41:12","12:43:48","01:02:36","+02:00","false","false"
"General CS","Performace oriented programming ","2025-11-14","12:52:20","12:59:16","00:06:56","+02:00","false","false"
"General CS","Performace oriented programming ","2025-11-14","13:23:14","14:05:54","00:42:40","+02:00","false","false"
"General CS","Performace oriented programming ","2025-11-14","15:57:25","17:07:24","01:09:59","+02:00","false","false"
"General CS","Performace oriented programming ","2025-11-14","17:57:13","18:58:09","01:00:56","+02:00","false","false"
"General CS",,"2025-11-14","20:40:28","21:01:28","00:21:00","+02:00","false",
"Programming","Competitive programming ","2025-11-14","21:05:01","21:42:36","00:37:35","+02:00","false","false"
"General CS","Performace oriented programming ","2025-11-15","10:32:27","10:55:02","00:22:35","+02:00","false","false"
"Programming","Competitive programming ","2025-11-15","10:55:03","10:55:07","00:00:04","+02:00","false","false"
"General CS","Performace oriented programming ","2025-11-15","11:58:25","13:36:04","01:37:39","+02:00","false","false"
"General CS","Performace oriented programming ","2025-11-15","14:03:16","14:39:11","00:35:55","+02:00","false","false"
"General CS","Performace oriented programming ","2025-11-15","15:59:04","17:18:08","01:19:04","+02:00","false","false"
"General CS","C++","2025-11-15","17:37:17","18:54:18","01:17:01","+02:00","false","false"
"General CS","Performace oriented programming ","2025-11-15","21:20:27","21:20:36","00:00:09","+02:00","false","false"
"Programming","Competitive programming ","2025-11-15","21:20:37","22:39:40","01:19:03","+02:00","false","false"
"General CS","Performace oriented programming ","2025-11-16","09:48:26","10:54:37","01:06:11","+02:00","false","false"
"General CS","Performace oriented programming ","2025-11-16","11:31:40","11:59:46","00:28:06","+02:00","false","false"
"General CS","Performace oriented programming ","2025-11-16","12:18:45","13:00:12","00:41:27","+02:00","false","false"
"General CS","Performace oriented programming ","2025-11-16","13:52:04","13:52:59","00:00:55","+02:00","false","false"
"General CS","Performace oriented programming ","2025-11-16","14:38:04","15:51:54","01:13:50","+02:00","false","false"
"Work","KLOTZ-541","2025-11-16","17:01:48","17:51:55","00:50:07","+02:00","false","false"
"Work","KLOTZ-541","2025-11-16","17:53:38","18:21:31","00:27:53","+02:00","false","false"
"General CS","Performace oriented programming ","2025-11-16","18:45:37","18:50:42","00:05:05","+02:00","false","false"
"General CS","Performace oriented programming ","2025-11-16","19:23:00","20:08:59","00:45:59","+02:00","false","false"
"General CS","Performace oriented programming ","2025-11-16","21:13:28","21:38:24","00:24:56","+02:00","false","false"
"Programming","Competitive programming ","2025-11-16","22:16:47","22:41:54","00:25:07","+02:00","false","false"
"Work","KLOTZ-542","2025-11-17","09:22:08","09:52:14","00:30:06","+02:00","false","false"
"Work","Meeting","2025-11-17","10:03:06","10:32:05","00:28:59","+02:00","false","false"
"General CS","Performace oriented programming ","2025-11-17","11:36:52","13:02:31","01:25:39","+02:00","false","false"
"General CS","Networking","2025-11-17","13:49:10","14:47:57","00:58:47","+02:00","false","false"
"General CS","Performace oriented programming ","2025-11-17","18:28:51","19:02:58","00:34:07","+02:00","false","false"
"General CS","Networking","2025-11-17","19:36:23","19:40:21","00:03:58","+02:00","false","false"
"General CS","Networking","2025-11-17","19:40:25","19:48:40","00:08:15","+02:00","false","false"
"General CS","Networking","2025-11-17","20:04:03","20:14:07","00:10:04","+02:00","false","false"
"General CS","Networking","2025-11-17","20:19:06","20:36:15","00:17:09","+02:00","false","false"
"General CS","Networking","2025-11-17","20:37:22","20:48:34","00:11:12","+02:00","false","false"
"Programming","Competitive programming ","2025-11-17","21:30:42","22:01:08","00:30:26","+02:00","false","false"
"Work","SCHOCH-1307","2025-11-18","09:17:31","10:07:37","00:50:06","+02:00","false","false"
"Work","SCHOCH-1307","2025-11-18","12:06:38","12:32:27","00:25:49","+02:00","false","false"
"General CS","Networking","2025-11-18","15:28:46","16:36:28","01:07:42","+02:00","false","false"
"Programming","Trading Infrastructure","2025-11-18","16:36:33","18:33:40","01:57:07","+02:00","false","false"
"Programming","Trading Infrastructure","2025-11-18","18:53:10","19:01:58","00:08:48","+02:00","false","false"
"Programming","Trading Infrastructure","2025-11-18","19:29:50","20:03:08","00:33:18","+02:00","false","false"
"Programming","Competitive programming ","2025-11-18","22:06:34","22:56:18","00:49:44","+02:00","false","false"
"Programming","Os","2025-11-19","08:23:39","09:07:14","00:43:35","+02:00","false","false"
"General CS","Networking","2025-11-19","12:34:11","13:26:02","00:51:51","+02:00","false","false"
"General CS","Networking","2025-11-19","13:54:25","15:18:05","01:23:40","+02:00","false","false"
"General CS","Networking","2025-11-19","16:00:02","16:44:06","00:44:04","+02:00","false","false"
"Programming","Os","2025-11-19","17:20:57","17:20:58","00:00:01","+02:00","false","false"
"Programming",,"2025-11-19","17:21:01","19:08:11","01:47:10","+02:00","false",
"Work","KLOTZ-549","2025-11-19","20:52:54","21:20:29","00:27:35","+02:00","false","false"
"Programming","Competitive programming ","2025-11-19","21:44:45","22:02:13","00:17:28","+02:00","false","false"
"General CS","Networking","2025-11-20","12:25:44","13:32:46","01:07:02","+02:00","false","false"
"General CS","Networking","2025-11-20","14:21:52","16:03:30","01:41:38","+02:00","false","false"
"Work","KLOTZ-549","2025-11-20","16:03:45","16:28:42","00:24:57","+02:00","false","false"
"General CS",,"2025-11-20","17:08:17","17:28:24","00:20:07","+02:00","false",
"General CS","Networking","2025-11-20","17:28:15","17:28:16","00:00:01","+02:00","false","false"
"General CS","Networking","2025-11-20","18:04:49","18:08:07","00:03:18","+02:00","false","false"
"Work","KLOTZ-549","2025-11-20","18:19:24","18:29:18","00:09:54","+02:00","false","false"
"General CS",,"2025-11-20","19:04:42","19:40:48","00:36:06","+02:00","false",
"General CS",,"2025-11-20","20:19:52","20:30:46","00:10:54","+02:00","false",
"Programming","Competitive programming ","2025-11-20","21:32:53","22:23:54","00:51:01","+02:00","false","false"
"Programming","Os","2025-11-21","11:53:24","12:52:47","00:59:23","+02:00","false","false"
"General CS","Networking","2025-11-21","16:06:19","16:27:45","00:21:26","+02:00","false","false"
"General CS","Networking","2025-11-21","18:38:27","19:03:32","00:25:05","+02:00","false","false"
"Programming","Competitive programming ","2025-11-21","19:09:08","19:46:45","00:37:37","+02:00","false","false"
"Programming",,"2025-11-22","10:40:44","13:16:52","02:36:08","+02:00","false",
"General CS","Networking","2025-11-22","16:10:03","16:44:34","00:34:31","+02:00","false","false"
"General CS","Networking","2025-11-22","17:31:54","17:44:32","00:12:38","+02:00","false","false"
"General CS","Networking","2025-11-22","17:53:45","19:14:26","01:20:41","+02:00","false","false"
"General CS","Networking","2025-11-22","19:19:46","19:28:33","00:08:47","+02:00","false","false"
"Programming","Competitive programming ","2025-11-22","21:26:05","23:30:59","02:04:54","+02:00","false","false"
"General CS","Networking","2025-11-23","11:15:29","13:01:55","01:46:26","+02:00","false","false"
"General CS","Networking","2025-11-23","14:23:59","14:36:30","00:12:31","+02:00","false","false"
"General CS","Networking","2025-11-23","14:42:37","14:56:12","00:13:35","+02:00","false","false"
"General CS","Networking","2025-11-23","15:49:52","16:27:55","00:38:03","+02:00","false","false"
"General CS",,"2025-11-23","16:27:57","16:36:26","00:08:29","+02:00","false",
"General CS","Networking","2025-11-23","16:36:27","17:09:44","00:33:17","+02:00","false","false"
"Programming","Competitive programming ","2025-11-23","19:13:14","19:39:52","00:26:38","+02:00","false","false"
"General CS","Networking","2025-11-23","19:55:48","20:39:39","00:43:51","+02:00","false","false"
"General CS","Networking","2025-11-23","21:32:07","21:45:18","00:13:11","+02:00","false","false"
"General CS","Networking","2025-11-24","10:14:16","10:21:01","00:06:45","+02:00","false","false"
"General CS","Networking","2025-11-24","10:35:28","10:47:20","00:11:52","+02:00","false","false"
"General CS","Networking","2025-11-24","11:44:03","12:59:43","01:15:40","+02:00","false","false"
"General CS","Performace oriented programming ","2025-11-24","17:28:51","19:32:09","02:03:18","+02:00","false","false"
"Work","SKIN-1859","2025-11-24","20:07:58","20:26:03","00:18:05","+02:00","false","false"
"Programming",,"2025-11-24","20:26:08","21:42:03","01:15:55","+02:00","false",
"Programming","Competitive programming ","2025-11-24","22:03:44","22:37:02","00:33:18","+02:00","false","false"
"Programming",,"2025-11-25","10:10:45","11:54:52","01:44:07","+02:00","false",
"General CS","Networking","2025-11-25","12:45:12","13:05:50","00:20:38","+02:00","false","false"
"General CS","Networking","2025-11-25","13:38:34","13:59:10","00:20:36","+02:00","false","false"
"General CS","Networking","2025-11-25","16:27:06","17:56:05","01:28:59","+02:00","false","false"
"General CS",,"2025-11-25","18:16:07","18:28:55","00:12:48","+02:00","false",
"General CS","Networking","2025-11-25","18:49:02","19:15:31","00:26:29","+02:00","false","false"
"Programming","Competitive programming ","2025-11-25","20:08:53","20:11:15","00:02:22","+02:00","false","false"
"Programming","Competitive programming ","2025-11-25","20:56:02","22:08:42","01:12:40","+02:00","false","false"
"General CS","Networking","2025-11-26","08:42:30","08:58:57","00:16:27","+02:00","false","false"
"General CS","Networking","2025-11-26","09:21:11","09:36:22","00:15:11","+02:00","false","false"
"General CS","Networking","2025-11-26","10:09:46","10:17:17","00:07:31","+02:00","false","false"
"General CS","Networking","2025-11-26","11:25:05","11:39:39","00:14:34","+02:00","false","false"
"General CS","Networking","2025-11-26","11:46:44","11:55:37","00:08:53","+02:00","false","false"
"Work",,"2025-11-26","11:55:39","13:08:39","01:13:00","+02:00","false",
"Work","SKIN-1859","2025-11-26","14:16:35","14:16:39","00:00:04","+02:00","false","false"
"Work","SKIN-1859","2025-11-26","14:16:55","14:17:00","00:00:05","+02:00","false","false"
"Work","SKIN-1862","2025-11-26","14:17:16","14:28:23","00:11:07","+02:00","false","false"
"General CS","Networking","2025-11-26","15:07:51","16:29:01","01:21:10","+02:00","false","false"
"General CS","Networking","2025-11-26","17:01:14","17:44:39","00:43:25","+02:00","false","false"
"General CS","Networking","2025-11-26","17:55:14","18:29:09","00:33:55","+02:00","false","false"
"Work","SKIN-1862","2025-11-26","19:30:46","20:27:59","00:57:13","+02:00","false","false"
"Programming","Competitive programming ","2025-11-26","20:28:06","21:11:51","00:43:45","+02:00","false","false"
"General CS","Networking","2025-11-27","10:08:00","10:35:17","00:27:17","+02:00","false","false"
"Work","SKIN-1862","2025-11-27","10:49:40","11:14:59","00:25:19","+02:00","false","false"
"General CS","Networking","2025-11-27","11:14:43","11:29:54","00:15:11","+02:00","false","false"
"General CS","Networking","2025-11-27","11:37:35","11:37:36","00:00:01","+02:00","false","false"
"General CS",,"2025-11-27","11:37:38","11:44:54","00:07:16","+02:00","false",
"General CS","Networking","2025-11-27","11:44:55","13:00:21","01:15:26","+02:00","false","false"
"General CS","Performace oriented programming ","2025-11-27","15:20:22","16:18:05","00:57:43","+02:00","false","false"
"General CS","Networking","2025-11-27","16:18:16","16:24:24","00:06:08","+02:00","false","false"
"General CS",,"2025-11-27","16:24:28","19:06:07","02:41:39","+02:00","false",
"Programming","Competitive programming ","2025-11-27","20:56:20","22:00:04","01:03:44","+02:00","false","false"
"Programming","Competitive programming ","2025-11-28","08:41:37","09:47:42","01:06:05","+02:00","false","false"
"General CS",,"2025-11-28","10:30:32","10:34:29","00:03:57","+02:00","false",
"General CS","Networking","2025-11-28","10:34:31","10:56:59","00:22:28","+02:00","false","false"
"General CS","Networking","2025-11-28","12:05:27","12:40:02","00:34:35","+02:00","false","false"
"General CS","Networking","2025-11-28","13:07:28","13:30:09","00:22:41","+02:00","false","false"
"General CS","Networking","2025-11-28","13:44:02","13:44:05","00:00:03","+02:00","false","false"
"General CS","Networking","2025-11-28","14:10:22","14:18:31","00:08:09","+02:00","false","false"
"General CS","Networking","2025-11-28","14:49:55","15:03:09","00:13:14","+02:00","false","false"
"General CS","Networking","2025-11-28","16:42:40","16:42:43","00:00:03","+02:00","false","false"
"General CS",,"2025-11-28","16:42:44","17:46:22","01:03:38","+02:00","false",
"General CS","Performace oriented programming ","2025-11-28","18:40:02","18:40:19","00:00:17","+02:00","false","false"
"General CS","Performace oriented programming ","2025-11-28","19:17:41","20:30:55","01:13:14","+02:00","false","false"
"Programming","Competitive programming ","2025-11-28","21:38:31","23:11:58","01:33:27","+02:00","false","false"
"Programming",,"2025-11-29","10:11:03","13:02:28","02:51:25","+02:00","false",
"Programming",,"2025-11-29","13:38:51","15:37:54","01:59:03","+02:00","false",
"Programming","Competitive programming ","2025-11-29","16:35:45","18:30:54","01:55:09","+02:00","false","false"
"Programming","Competitive programming ","2025-11-29","19:01:32","19:52:09","00:50:37","+02:00","false","false"
"Programming",,"2025-11-29","20:20:17","20:52:06","00:31:49","+02:00","false",
"Programming",,"2025-11-29","21:00:01","22:09:55","01:09:54","+02:00","false",
"General CS",,"2025-11-30","09:57:48","13:06:44","03:08:56","+02:00","false",
"General CS",,"2025-11-30","13:58:13","14:58:05","00:59:52","+02:00","false",
"General CS",,"2025-11-30","15:21:19","16:58:54","01:37:35","+02:00","false",
"Programming",,"2025-11-30","17:40:20","17:57:56","00:17:36","+02:00","false",
"Programming",,"2025-11-30","17:58:16","20:00:56","02:02:40","+02:00","false",
"Work","SKIN-1862","2025-11-30","20:29:14","21:23:52","00:54:38","+02:00","false","false"
"Programming","Competitive programming ","2025-11-30","21:23:53","21:40:34","00:16:41","+02:00","false","false"
"Programming","Competitive programming ","2025-11-30","21:40:36","21:44:51","00:04:15","+02:00","false","false"
"Work","SKIN-1862","2025-11-30","21:44:52","22:23:42","00:38:50","+02:00","false","false"
"General CS","Networking","2025-12-01","10:30:10","10:42:54","00:12:44","+02:00","false","false"
"Programming",,"2025-12-01","11:23:57","12:30:27","01:06:30","+02:00","false",
"General CS","Networking","2025-12-01","15:40:56","16:39:03","00:58:07","+02:00","false","false"
"Work","ENTRY-468","2025-12-01","18:44:24","19:19:42","00:35:18","+02:00","false","false"
"Work","ENTRY-468","2025-12-01","19:20:39","20:11:24","00:50:45","+02:00","false","false"
"Work","ENTRY-468","2025-12-01","20:16:59","20:33:25","00:16:26","+02:00","false","false"
"Programming",,"2025-12-01","20:50:06","21:42:44","00:52:38","+02:00","false",
"Programming","Competitive programming ","2025-12-01","22:23:54","22:28:46","00:04:52","+02:00","false","false"
"Programming",,"2025-12-02","10:02:35","11:08:05","01:05:30","+02:00","false",
"General CS","Networking","2025-12-02","12:38:24","13:58:59","01:20:35","+02:00","false","false"
"Work","ENTRY-468","2025-12-02","16:38:58","17:43:59","01:05:01","+02:00","false","false"
"Work","ENTRY-468","2025-12-02","18:34:39","20:30:29","01:55:50","+02:00","false","false"
"General CS","Networking","2025-12-02","20:35:32","21:01:19","00:25:47","+02:00","false","false"
"Programming","Competitive programming ","2025-12-02","21:15:51","21:31:01","00:15:10","+02:00","false","false"
"General CS","Networking","2025-12-03","11:32:50","12:25:55","00:53:05","+02:00","false","false"
"General CS","Networking","2025-12-03","16:01:55","17:17:33","01:15:38","+02:00","false","false"
"Work","ENTRY-468","2025-12-03","17:24:24","18:13:44","00:49:20","+02:00","false","false"
"Work","ENTRY-468","2025-12-03","18:30:55","19:30:25","00:59:30","+02:00","false","false"
"Work","ENTRY-468","2025-12-03","19:54:01","20:25:28","00:31:27","+02:00","false","false"
"Work","ENTRY-468","2025-12-03","20:32:40","21:12:33","00:39:53","+02:00","false","false"
"Programming","Competitive programming ","2025-12-03","21:37:32","22:12:37","00:35:05","+02:00","false","false"
"Programming",,"2025-12-03","22:12:53","22:30:59","00:18:06","+02:00","false",
"Programming",,"2025-12-04","08:35:05","09:49:26","01:14:21","+02:00","false",
"Programming","Competitive programming ","2025-12-04","09:54:41","10:07:49","00:13:08","+02:00","false","false"
"General CS",,"2025-12-04","14:40:37","15:33:06","00:52:29","+02:00","false",
"General CS","Networking","2025-12-04","15:33:08","16:00:04","00:26:56","+02:00","false","false"
"Programming","Competitive programming ","2025-12-04","16:00:05","16:49:22","00:49:17","+02:00","false","false"
"Programming","Competitive programming ","2025-12-04","16:55:03","17:37:41","00:42:38","+02:00","false","false"
"Programming","Competitive programming ","2025-12-04","17:53:31","18:28:35","00:35:04","+02:00","false","false"
"Work","ENTRY-468","2025-12-04","19:12:51","19:17:19","00:04:28","+02:00","false","false"
"Work","ENTRY-468","2025-12-04","19:45:43","21:20:38","01:34:55","+02:00","false","false"
"Programming",,"2025-12-05","10:00:37","10:35:43","00:35:06","+02:00","false",
"Programming",,"2025-12-05","11:29:41","13:04:50","01:35:09","+02:00","false",
"Programming","Competitive programming ","2025-12-05","16:35:23","18:32:21","01:56:58","+02:00","false","false"
"Programming","Competitive programming ","2025-12-05","19:11:19","19:40:47","00:29:28","+02:00","false","false"
"General CS",,"2025-12-05","20:05:57","20:31:36","00:25:39","+02:00","false",
"Programming","SPMC Queue","2025-12-06","10:28:35","11:05:14","00:36:39","+02:00","false","false"
"Programming","SPMC Queue","2025-12-06","12:01:44","12:30:00","00:28:16","+02:00","false","false"
"Programming","SPMC Queue","2025-12-06","12:48:01","13:18:36","00:30:35","+02:00","false","false"
"Programming","SPMC Queue","2025-12-06","14:15:35","14:39:02","00:23:27","+02:00","false","false"
"Programming","SPMC Queue","2025-12-06","14:53:46","15:15:55","00:22:09","+02:00","false","false"
"Programming","SPMC Queue","2025-12-06","16:04:54","16:30:37","00:25:43","+02:00","false","false"
"General CS","Performace oriented programming ","2025-12-06","16:30:39","17:13:17","00:42:38","+02:00","false","false"
"General CS","Performace oriented programming ","2025-12-06","17:23:42","17:23:43","00:00:01","+02:00","false","false"
"Programming","SPMC Queue","2025-12-06","17:23:44","17:30:27","00:06:43","+02:00","false","false"
"Programming","SPMC Queue","2025-12-06","17:53:29","18:17:31","00:24:02","+02:00","false","false"
"General CS","Performace oriented programming ","2025-12-06","20:03:32","20:03:33","00:00:01","+02:00","false","false"
"General CS","Networking","2025-12-06","20:03:36","20:38:58","00:35:22","+02:00","false","false"
"Programming","Competitive programming ","2025-12-06","21:38:21","21:57:29","00:19:08","+02:00","false","false"
"General CS","Performace oriented programming ","2025-12-07","09:53:46","11:50:16","01:56:30","+02:00","false","false"
"General CS","Performace oriented programming ","2025-12-07","11:53:42","11:58:48","00:05:06","+02:00","false","false"
"General CS","Performace oriented programming ","2025-12-07","12:27:56","12:37:16","00:09:20","+02:00","false","false"
"Programming","SPMC Queue","2025-12-07","12:37:18","12:50:06","00:12:48","+02:00","false","false"
"General CS","Performace oriented programming ","2025-12-07","13:23:41","14:10:30","00:46:49","+02:00","false","false"
"Programming","Infra","2025-12-07","14:10:39","14:56:11","00:45:32","+02:00","false","false"
"Programming","Infra","2025-12-07","17:17:08","19:49:14","02:32:06","+02:00","false","false"
"General CS","C++","2025-12-07","20:38:17","21:09:10","00:30:53","+02:00","false","false"
"Programming","Competitive programming ","2025-12-07","22:32:07","22:58:36","00:26:29","+02:00","false","false"
"Work","SCHOCH-1502","2025-12-08","10:07:27","11:02:12","00:54:45","+02:00","false","false"
"Programming","Infra","2025-12-08","13:42:19","15:01:43","01:19:24","+02:00","false","false"
"Programming","Infra","2025-12-08","15:06:05","15:25:40","00:19:35","+02:00","false","false"
"Work",,"2025-12-08","15:25:54","15:25:55","00:00:01","+02:00","false",
"Work","SCHOCH-1502","2025-12-08","15:26:06","15:26:07","00:00:01","+02:00","false","false"
"Work","KLOTZ-563","2025-12-08","15:26:13","15:41:19","00:15:06","+02:00","false","false"
"Programming","Infra","2025-12-08","16:23:53","17:50:12","01:26:19","+02:00","false","false"
"General CS","Networking","2025-12-08","19:15:06","19:48:48","00:33:42","+02:00","false","false"
"General CS","C++","2025-12-08","20:14:14","21:13:58","00:59:44","+02:00","false","false"
"Programming","Competitive programming ","2025-12-08","21:14:05","21:15:30","00:01:25","+02:00","false","false"
"Programming","Competitive programming ","2025-12-08","21:40:11","22:44:02","01:03:51","+02:00","false","false"
"Programming","Competitive programming ","2025-12-09","13:51:28","14:49:50","00:58:22","+02:00","false","false"
"Programming","Infra","2025-12-09","15:03:47","16:58:24","01:54:37","+02:00","false","false"
"Programming","Infra","2025-12-09","17:06:45","17:36:42","00:29:57","+02:00","false","false"
"Programming","Infra","2025-12-09","17:38:49","18:03:59","00:25:10","+02:00","false","false"
"General CS","C++","2025-12-09","20:10:35","21:26:09","01:15:34","+02:00","false","false"
"General CS","C++","2025-12-09","21:26:19","21:33:26","00:07:07","+02:00","false","false"
"Programming","Infra","2025-12-10","09:40:00","10:57:26","01:17:26","+02:00","false","false"
"Programming","Infra","2025-12-10","12:12:55","12:58:01","00:45:06","+02:00","false","false"
"Work","KLOTZ-563","2025-12-10","14:23:38","15:10:23","00:46:45","+02:00","false","false"
"Programming","SPMC Queue","2025-12-10","15:30:06","15:40:11","00:10:05","+02:00","false","false"
"Programming","SPMC Queue","2025-12-10","16:13:57","17:41:19","01:27:22","+02:00","false","false"
"Programming","SPMC Queue","2025-12-10","18:09:07","19:33:04","01:23:57","+02:00","false","false"
"Programming","SPMC Queue","2025-12-10","19:36:41","20:11:54","00:35:13","+02:00","false","false"
"Work","KLOTZ-563","2025-12-10","20:35:04","21:14:17","00:39:13","+02:00","false","false"
"Programming",,"2025-12-10","22:22:24","22:56:01","00:33:37","+02:00","false",
"General CS","C++","2025-12-11","10:50:29","10:58:26","00:07:57","+02:00","false","false"
"General CS","C++","2025-12-11","11:24:38","12:40:57","01:16:19","+02:00","false","false"
"Work","SKIN-1862","2025-12-11","16:17:16","17:37:42","01:20:26","+02:00","false","false"
"General CS","C++","2025-12-11","20:17:49","20:41:34","00:23:45","+02:00","false","false"
"Programming","Competitive programming ","2025-12-11","20:51:57","22:30:11","01:38:14","+02:00","false","false"
"Work","KLOTZ-563","2025-12-12","11:33:42","12:37:01","01:03:19","+02:00","false","false"
"Work","KLOTZ-563","2025-12-12","15:06:05","16:21:52","01:15:47","+02:00","false","false"
"Work","KLOTZ-563","2025-12-12","17:01:21","17:37:02","00:35:41","+02:00","false","false"
"Programming","Competitive programming ","2025-12-12","21:19:43","22:33:21","01:13:38","+02:00","false","false"
"Programming","Competitive programming ","2025-12-13","10:53:44","13:48:43","02:54:59","+02:00","false","false"
"Programming","Competitive programming ","2025-12-13","14:01:12","14:08:12","00:07:00","+02:00","false","false"
"Programming","SPMC Queue","2025-12-13","15:22:11","15:53:04","00:30:53","+02:00","false","false"
"Programming","Competitive programming ","2025-12-13","15:53:09","16:51:20","00:58:11","+02:00","false","false"
"Programming","Competitive programming ","2025-12-13","18:01:24","19:44:19","01:42:55","+02:00","false","false"
"Programming","Competitive programming ","2025-12-14","11:39:14","12:55:20","01:16:06","+02:00","false","false"
"Programming","Competitive programming ","2025-12-14","14:18:29","14:48:25","00:29:56","+02:00","false","false"
"Programming","Competitive programming ","2025-12-14","15:08:35","15:17:40","00:09:05","+02:00","false","false"
"Programming","Competitive programming ","2025-12-14","15:24:45","16:20:13","00:55:28","+02:00","false","false"
"Programming","Competitive programming ","2025-12-14","16:46:47","17:07:56","00:21:09","+02:00","false","false"
"General CS","C++","2025-12-14","17:37:14","17:57:16","00:20:02","+02:00","false","false"
"General CS","C++","2025-12-14","18:39:48","18:46:07","00:06:19","+02:00","false","false"
"Programming","Competitive programming ","2025-12-14","18:46:08","19:56:58","01:10:50","+02:00","false","false"
"Programming","Competitive programming ","2025-12-14","20:29:50","21:33:13","01:03:23","+02:00","false","false"
"Work","Meeting","2025-12-15","10:02:34","10:37:40","00:35:06","+02:00","false","false"
"General CS","C++","2025-12-15","10:42:44","11:27:06","00:44:22","+02:00","false","false"
"General CS","C++","2025-12-15","11:29:29","11:34:41","00:05:12","+02:00","false","false"
"Work","KLOTZ-563","2025-12-15","12:03:31","12:03:32","00:00:01","+02:00","false","false"
"Programming","SPMC Queue","2025-12-15","12:03:32","12:03:35","00:00:03","+02:00","false","false"
"Work","KLOTZ-563","2025-12-15","12:03:35","14:45:55","02:42:20","+02:00","false","false"
"Work","KLOTZ-563","2025-12-15","15:20:59","16:16:19","00:55:20","+02:00","false","false"
"Programming","Competitive programming ","2025-12-15","17:03:47","17:21:08","00:17:21","+02:00","false","false"
"Programming","Competitive programming ","2025-12-15","17:24:47","17:25:12","00:00:25","+02:00","false","false"
"Programming","Competitive programming ","2025-12-15","18:04:13","19:47:36","01:43:23","+02:00","false","false"
"Programming","Competitive programming ","2025-12-15","20:18:32","20:52:28","00:33:56","+02:00","false","false"
"Programming","Competitive programming ","2025-12-15","21:00:07","21:10:34","00:10:27","+02:00","false","false"
"Work","Meeting","2025-12-16","09:58:28","10:51:07","00:52:39","+02:00","false","false"
"Programming","Competitive programming ","2025-12-16","13:06:46","15:17:19","02:10:33","+02:00","false","false"
"Programming","Competitive programming ","2025-12-16","15:27:06","16:12:43","00:45:37","+02:00","false","false"
"Work","ENTRY-474","2025-12-16","16:30:12","16:41:07","00:10:55","+02:00","false","false"
"Programming","Competitive programming ","2025-12-16","16:41:08","17:58:18","01:17:10","+02:00","false","false"
"Programming","Competitive programming ","2025-12-16","18:53:39","20:02:14","01:08:35","+02:00","false","false"
"Programming","Competitive programming ","2025-12-16","21:00:47","22:02:53","01:02:06","+02:00","false","false"
"Work","ENTRY-474","2025-12-17","08:40:52","09:59:14","01:18:22","+02:00","false","false"
"Work","Meeting","2025-12-17","09:59:21","10:17:20","00:17:59","+02:00","false","false"
"Work","ENTRY-474","2025-12-17","10:17:21","11:56:59","01:39:38","+02:00","false","false"
"Work","ENTRY-474","2025-12-17","12:51:11","14:40:51","01:49:40","+02:00","false","false"
"Work","ENTRY-474","2025-12-17","15:40:57","17:17:41","01:36:44","+02:00","false","false"
"Programming","Competitive programming ","2025-12-17","18:50:21","18:59:00","00:08:39","+02:00","false","false"
"Programming","Competitive programming ","2025-12-17","19:55:21","20:35:33","00:40:12","+02:00","false","false"
"Programming","Competitive programming ","2025-12-17","20:48:29","22:03:01","01:14:32","+02:00","false","false"
"Work","Meeting","2025-12-18","10:01:21","10:35:13","00:33:52","+02:00","false","false"
"Work","Meeting","2025-12-18","10:35:14","10:35:16","00:00:02","+02:00","false","false"
"Work","ENTRY-474","2025-12-18","11:06:49","11:37:33","00:30:44","+02:00","false","false"
"Work","ENTRY-474","2025-12-18","11:48:18","12:47:04","00:58:46","+02:00","false","false"
"Work","ENTRY-474","2025-12-18","13:51:00","15:08:09","01:17:09","+02:00","false","false"
"Work","ENTRY-474","2025-12-18","15:18:01","15:33:06","00:15:05","+02:00","false","false"
"Work","ENTRY-474","2025-12-18","16:26:47","16:32:30","00:05:43","+02:00","false","false"
"Programming","Competitive programming ","2025-12-18","18:20:42","19:26:31","01:05:49","+02:00","false","false"
"Programming","Competitive programming ","2025-12-18","20:51:44","21:35:28","00:43:44","+02:00","false","false"
"Programming","Competitive programming ","2025-12-18","21:36:11","21:36:14","00:00:03","+02:00","false","false"
"Programming","Competitive programming ","2025-12-19","13:47:18","14:49:35","01:02:17","+02:00","false","false"
"Programming","Competitive programming ","2025-12-19","15:32:01","15:38:55","00:06:54","+02:00","false","false"
"Programming","Competitive programming ","2025-12-19","17:12:08","18:10:13","00:58:05","+02:00","false","false"
"Programming","Competitive programming ","2025-12-19","19:38:32","19:47:34","00:09:02","+02:00","false","false"
"General CS","C++","2025-12-19","20:57:32","21:37:44","00:40:12","+02:00","false","false"
"Programming",,"2025-12-20","10:29:42","16:02:57","05:33:15","+02:00","false",
"Programming","Competitive programming ","2025-12-20","12:19:37","12:19:38","00:00:01","+02:00","false","false"
"Programming","Competitive programming ","2025-12-20","16:53:14","16:53:15","00:00:01","+02:00","false","false"
"Programming",,"2025-12-20","16:53:16","20:11:55","03:18:39","+02:00","false",
"Programming","Competitive programming ","2025-12-20","20:11:56","21:16:09","01:04:13","+02:00","false","false"
"Programming",,"2025-12-20","21:16:10","23:59:59","02:43:49","+02:00","false",
"Programming",,"2025-12-21","00:00:00","00:05:17","00:05:17","+02:00","false",
"Programming",,"2025-12-21","09:45:26","13:45:35","04:00:09","+02:00","false",
"Programming","Competitive programming ","2025-12-21","19:15:00","20:09:53","00:54:53","+02:00","false","false"
"Work","KLOTZ-445","2025-12-22","09:11:25","10:02:41","00:51:16","+02:00","false","false"
"Work","Meeting","2025-12-22","10:02:45","10:27:58","00:25:13","+02:00","false","false"
"Work","KLOTZ-445","2025-12-22","10:38:26","10:54:07","00:15:41","+02:00","false","false"
"Work","ENTRY-482","2025-12-22","10:59:41","11:49:48","00:50:07","+02:00","false","false"
"Work","KLOTZ-445","2025-12-22","11:53:20","12:35:26","00:42:06","+02:00","false","false"
"General CS",,"2025-12-22","15:27:02","17:14:29","01:47:27","+02:00","false",
"Programming","Competitive programming ","2025-12-22","17:48:58","18:39:50","00:50:52","+02:00","false","false"
"Programming","Competitive programming ","2025-12-22","20:16:19","20:16:21","00:00:02","+02:00","false","false"
"General CS",,"2025-12-22","20:16:23","20:46:37","00:30:14","+02:00","false",
"Work","KLOTZ-573","2025-12-23","10:41:47","10:55:27","00:13:40","+02:00","false","false"
"Work","KLOTZ-445","2025-12-23","11:29:39","12:53:10","01:23:31","+02:00","false","false"
"General CS","Performace oriented programming ","2025-12-23","15:26:44","16:24:47","00:58:03","+02:00","false","false"
"Programming","Competitive programming ","2025-12-23","19:51:16","20:54:04","01:02:48","+02:00","false","false"
"Programming","Competitive programming ","2025-12-23","21:08:15","21:30:14","00:21:59","+02:00","false","false"
"Work","Meeting","2025-12-24","10:04:56","10:35:01","00:30:05","+02:00","false","false"
"General CS","Performace oriented programming ","2025-12-24","11:07:25","12:29:54","01:22:29","+02:00","false","false"
"General CS","Performace oriented programming ","2025-12-24","12:38:37","13:28:01","00:49:24","+02:00","false","false"
"General CS","Performace oriented programming ","2025-12-24","19:08:14","19:25:45","00:17:31","+02:00","false","false"
"Programming","Competitive programming ","2025-12-24","21:01:00","22:13:49","01:12:49","+02:00","false","false"
"General CS","Performace oriented programming ","2025-12-24","22:13:52","22:25:21","00:11:29","+02:00","false","false"
"General CS","Performace oriented programming ","2025-12-25","11:12:00","12:08:06","00:56:06","+02:00","false","false"
"General CS","Performace oriented programming ","2025-12-25","12:16:16","12:50:38","00:34:22","+02:00","false","false"
"Programming","Competitive programming ","2025-12-25","22:55:57","23:20:31","00:24:34","+02:00","false","false"
"Work","KLOTZ-573","2025-12-26","08:53:03","10:03:39","01:10:36","+02:00","false","false"
"Work","Meeting","2025-12-26","10:03:42","10:18:04","00:14:22","+02:00","false","false"
"Work","KLOTZ-573","2025-12-26","10:18:05","11:18:05","01:00:00","+02:00","false","false"
"Work","KLOTZ-573","2025-12-26","11:40:03","12:00:56","00:20:53","+02:00","false","false"
"General CS","Performace oriented programming ","2025-12-26","13:06:40","13:38:17","00:31:37","+02:00","false","false"
"General CS","Performace oriented programming ","2025-12-26","14:06:59","14:48:47","00:41:48","+02:00","false","false"
"General CS","Compilers","2025-12-26","18:33:29","19:41:34","01:08:05","+02:00","false","false"
"Programming","Competitive programming ","2025-12-26","20:33:14","21:03:29","00:30:15","+02:00","false","false"
"General CS","Performace oriented programming ","2025-12-27","10:55:40","11:08:00","00:12:20","+02:00","false","false"
"General CS","Performace oriented programming ","2025-12-27","11:52:37","12:46:25","00:53:48","+02:00","false","false"
"General CS","Performace oriented programming ","2025-12-27","12:59:52","13:29:29","00:29:37","+02:00","false","false"
"General CS","Performace oriented programming ","2025-12-27","15:40:18","15:52:26","00:12:08","+02:00","false","false"
"Programming","Competitive programming ","2025-12-27","18:02:47","18:48:22","00:45:35","+02:00","false","false"
"Programming","Competitive programming ","2025-12-27","20:08:56","20:58:33","00:49:37","+02:00","false","false"
"General CS","C++","2025-12-28","10:51:30","11:10:20","00:18:50","+02:00","false","false"
"General CS","C++","2025-12-28","11:19:13","11:28:40","00:09:27","+02:00","false","false"
"General CS","C++","2025-12-28","12:52:25","13:23:50","00:31:25","+02:00","false","false"
"General CS","C++","2025-12-28","13:36:17","15:38:27","02:02:10","+02:00","false","false"
"General CS","C++","2025-12-28","16:22:27","16:29:25","00:06:58","+02:00","false","false"
"General CS","C++","2025-12-28","18:42:17","20:46:35","02:04:18","+02:00","false","false"
"General CS","C++","2025-12-28","22:01:41","22:01:41","00:00:00","+02:00","false","false"
"Programming","Competitive programming ","2025-12-28","22:01:42","23:21:32","01:19:50","+02:00","false","false"
"Work","ENTRY-485","2025-12-29","09:14:14","10:03:40","00:49:26","+02:00","false","false"
"Work","Meeting","2025-12-29","10:03:42","10:34:24","00:30:42","+02:00","false","false"
"Work","ENTRY-482","2025-12-29","10:34:40","11:09:47","00:35:07","+02:00","false","false"
"Work","ENTRY-485","2025-12-29","13:50:53","14:59:22","01:08:29","+02:00","false","false"
"Work","ENTRY-485","2025-12-29","15:20:56","16:32:45","01:11:49","+02:00","false","false"
"General CS","C++","2025-12-29","18:13:16","18:42:45","00:29:29","+02:00","false","false"
"Programming","Competitive programming ","2025-12-29","18:42:46","19:20:16","00:37:30","+02:00","false","false"
"General CS","C++","2025-12-29","22:13:24","22:50:33","00:37:09","+02:00","false","false"
"Work","ENTRY-485","2025-12-30","09:00:32","09:53:53","00:53:21","+02:00","false","false"
"Work","Meeting","2025-12-30","09:59:12","10:38:33","00:39:21","+02:00","false","false"
"General CS","Performace oriented programming ","2025-12-30","11:07:25","11:11:54","00:04:29","+02:00","false","false"
"General CS","Performace oriented programming ","2025-12-30","11:12:56","13:47:50","02:34:54","+02:00","false","false"
"General CS","Performace oriented programming ","2025-12-30","17:33:14","20:13:08","02:39:54","+02:00","false","false"
"Programming","Competitive programming ","2025-12-30","22:34:29","22:49:02","00:14:33","+02:00","false","false"
"General CS","Performace oriented programming ","2025-12-31","15:03:01","15:15:59","00:12:58","+02:00","false","false"
"General CS","Performace oriented programming ","2025-12-31","15:36:13","16:18:32","00:42:19","+02:00","false","false"
"General CS","Performace oriented programming ","2025-12-31","17:27:18","18:31:09","01:03:51","+02:00","false","false"
"General CS","C++","2025-12-31","18:31:11","18:31:42","00:00:31","+02:00","false","false"
"General CS","C++","2025-12-31","20:45:38","21:21:37","00:35:59","+02:00","false","false"
"Programming","Competitive programming ","2025-12-31","21:54:42","23:32:17","01:37:35","+02:00","false","false"
"General CS","C++","2025-12-31","23:32:19","23:36:41","00:04:22","+02:00","false","false"
"Programming","Infra","2026-01-01","12:16:46","14:41:48","02:25:02","+02:00","false","false"
"Programming","Infra","2026-01-01","15:00:12","17:04:29","02:04:17","+02:00","false","false"
"Programming","Infra","2026-01-01","17:24:40","17:50:38","00:25:58","+02:00","false","false"
"Programming","Infra","2026-01-01","19:43:19","20:07:20","00:24:01","+02:00","false","false"
"Programming","Competitive programming ","2026-01-01","21:12:34","21:32:43","00:20:09","+02:00","false","false"
"Work",,"2026-01-02","09:01:09","09:48:31","00:47:22","+02:00","false",
"Work","ENTRY-485","2026-01-02","09:48:41","10:24:31","00:35:50","+02:00","false","false"
"Work","ENTRY-485","2026-01-02","10:24:33","11:01:51","00:37:18","+02:00","false","false"
"Programming","Infra","2026-01-02","11:41:01","12:40:27","00:59:26","+02:00","false","false"
"Programming","Infra","2026-01-02","12:51:41","13:04:31","00:12:50","+02:00","false","false"
"Programming","Infra","2026-01-02","14:38:48","15:49:30","01:10:42","+02:00","false","false"
"Programming","Infra","2026-01-02","15:59:26","16:31:23","00:31:57","+02:00","false","false"
"Programming","Infra","2026-01-02","16:44:21","18:27:27","01:43:06","+02:00","false","false"
"Programming","Infra","2026-01-02","19:06:44","21:08:14","02:01:30","+02:00","false","false"
"Programming","Infra","2026-01-03","12:03:56","15:21:51","03:17:55","+02:00","false","false"
"Programming","Infra","2026-01-03","15:50:26","16:24:17","00:33:51","+02:00","false","false"
"Programming","Infra","2026-01-03","16:28:57","17:51:46","01:22:49","+02:00","false","false"
"Programming","Competitive programming ","2026-01-03","21:40:31","22:28:56","00:48:25","+02:00","false","false"
"Programming","Infra","2026-01-04","09:42:49","13:07:27","03:24:38","+02:00","false","false"
"Programming","Infra","2026-01-04","13:29:21","15:43:05","02:13:44","+02:00","false","false"
"Programming","Infra","2026-01-04","18:58:44","19:38:13","00:39:29","+02:00","false","false"
"Programming","Infra","2026-01-04","19:48:40","20:12:34","00:23:54","+02:00","false","false"
"Programming","Competitive programming ","2026-01-04","21:05:16","22:16:14","01:10:58","+02:00","false","false"
"Work","ENTRY-485","2026-01-05","09:29:20","10:47:11","01:17:51","+02:00","false","false"
"Programming","Infra","2026-01-05","10:47:13","10:49:39","00:02:26","+02:00","false","false"
"Programming","Infra","2026-01-05","11:10:05","11:41:44","00:31:39","+02:00","false","false"
"General CS","C++","2026-01-05","11:52:25","12:15:05","00:22:40","+02:00","false","false"
"Programming","Infra","2026-01-05","13:34:20","15:51:21","02:17:01","+02:00","false","false"
"Programming","Infra","2026-01-05","16:06:56","16:17:00","00:10:04","+02:00","false","false"
"Programming","Infra","2026-01-05","16:23:26","16:58:33","00:35:07","+02:00","false","false"
"Work","ENTRY-468","2026-01-05","18:37:10","19:34:51","00:57:41","+02:00","false","false"
"Programming","Competitive programming ","2026-01-05","21:08:53","22:48:22","01:39:29","+02:00","false","false"
"Work","SKIN-1891","2026-01-06","09:34:44","10:01:02","00:26:18","+02:00","false","false"
"Work","Meeting","2026-01-06","10:01:09","10:23:02","00:21:53","+02:00","false","false"
"Work","SKIN-1891","2026-01-06","11:20:50","11:46:56","00:26:06","+02:00","false","false"
"Programming","Infra","2026-01-06","13:16:35","15:23:58","02:07:23","+02:00","false","false"
"Programming","Infra","2026-01-06","15:48:05","15:53:10","00:05:05","+02:00","false","false"
"Programming","Competitive programming ","2026-01-06","16:52:18","17:36:55","00:44:37","+02:00","false","false"
"Programming","Infra","2026-01-07","11:59:36","14:57:58","02:58:22","+02:00","false","false"
"Programming","Infra","2026-01-07","15:08:51","15:53:23","00:44:32","+02:00","false","false"
"Programming","Competitive programming ","2026-01-07","21:56:35","22:58:33","01:01:58","+02:00","false","false"
"General CS","C++","2026-01-08","10:43:09","10:52:00","00:08:51","+02:00","false","false"
"General CS",,"2026-01-08","10:52:02","10:52:03","00:00:01","+02:00","false",
"General CS","Performace oriented programming ","2026-01-08","10:52:06","11:49:08","00:57:02","+02:00","false","false"
"Programming","Infra","2026-01-08","12:42:05","13:28:18","00:46:13","+02:00","false","false"
"Programming","Infra","2026-01-08","13:46:26","14:28:41","00:42:15","+02:00","false","false"
"Programming","Infra","2026-01-08","14:43:43","14:48:51","00:05:08","+02:00","false","false"
"Programming","Infra","2026-01-08","14:58:02","15:04:34","00:06:32","+02:00","false","false"
"Programming","Competitive programming ","2026-01-08","19:21:24","20:56:28","01:35:04","+02:00","false","false"
"Work","BREAKA-215","2026-01-09","09:28:29","10:15:59","00:47:30","+02:00","false","false"
"Work","Meeting","2026-01-09","10:16:04","10:36:15","00:20:11","+02:00","false","false"
"Work","ENTRY-488","2026-01-09","10:50:24","10:54:03","00:03:39","+02:00","false","false"
"General CS","C++","2026-01-09","13:05:35","14:48:59","01:43:24","+02:00","false","false"
"General CS","C++","2026-01-09","16:04:27","17:01:42","00:57:15","+02:00","false","false"
"General CS","C++","2026-01-09","17:59:04","18:01:03","00:01:59","+02:00","false","false"
"Programming","Competitive programming ","2026-01-09","18:01:05","20:28:43","02:27:38","+02:00","false","false"
"Programming","Infra","2026-01-10","11:01:07","11:39:41","00:38:34","+02:00","false","false"
"Programming","Competitive programming ","2026-01-10","11:56:48","12:52:18","00:55:30","+02:00","false","false"
"General CS","C++","2026-01-10","16:01:37","17:19:37","01:18:00","+02:00","false","false"
"General CS","C++","2026-01-10","17:32:10","18:03:13","00:31:03","+02:00","false","false"
"Programming","Competitive programming ","2026-01-10","19:16:52","20:06:38","00:49:46","+02:00","false","false"
"Programming","Competitive programming ","2026-01-11","09:23:01","10:20:11","00:57:10","+02:00","false","false"
"Programming","Infra","2026-01-11","10:35:44","10:53:25","00:17:41","+02:00","false","false"
"Programming","Infra","2026-01-11","12:23:38","13:35:30","01:11:52","+02:00","false","false"
"Programming","Infra","2026-01-11","13:45:09","14:08:20","00:23:11","+02:00","false","false"
"Programming","Infra","2026-01-11","14:27:11","14:33:08","00:05:57","+02:00","false","false"
"Programming","Infra","2026-01-11","14:47:43","15:45:05","00:57:22","+02:00","false","false"
"Programming","Infra","2026-01-11","16:24:03","17:28:10","01:04:07","+02:00","false","false"
"Programming","Infra","2026-01-11","17:42:41","18:52:36","01:09:55","+02:00","false","false"
"Work","BREAKA-249","2026-01-11","20:34:13","21:10:15","00:36:02","+02:00","false","false"
"Work","KLOTZ-576","2026-01-11","21:10:28","21:45:08","00:34:40","+02:00","false","false"
"Work","Meeting","2026-01-12","10:04:15","10:45:51","00:41:36","+02:00","false","false"
"General CS","C++","2026-01-12","12:21:07","14:15:18","01:54:11","+02:00","false","false"
"Work",,"2026-01-12","14:53:59","15:25:33","00:31:34","+02:00","false",
"Programming",,"2026-01-12","15:36:50","15:55:01","00:18:11","+02:00","false",
"General CS","C++","2026-01-12","17:19:24","17:38:03","00:18:39","+02:00","false","false"
"Work","BREAKA-213","2026-01-12","18:14:43","18:36:47","00:22:04","+02:00","false","false"
"Work","KLOTZ-576","2026-01-12","18:55:05","19:14:55","00:19:50","+02:00","false","false"
"Work","SCHOCH-1461","2026-01-12","19:18:33","19:21:24","00:02:51","+02:00","false","false"
"Programming","Competitive programming ","2026-01-12","19:31:57","21:01:49","01:29:52","+02:00","false","false"
"General CS","DBs","2026-01-12","21:38:44","22:08:58","00:30:14","+02:00","false","false"
"Work","Meeting","2026-01-13","09:33:15","09:33:21","00:00:06","+02:00","false","false"
"Work",,"2026-01-13","09:33:22","10:04:17","00:30:55","+02:00","false",
"General CS","DBs","2026-01-13","11:30:17","13:00:19","01:30:02","+02:00","false","false"
"General CS","C++","2026-01-13","15:22:49","16:29:48","01:06:59","+02:00","false","false"
"Programming","Infra","2026-01-13","18:13:00","19:26:02","01:13:02","+02:00","false","false"
"Programming","Competitive programming ","2026-01-13","20:11:23","21:06:01","00:54:38","+02:00","false","false"
"Programming","Competitive programming ","2026-01-13","22:02:46","22:30:50","00:28:04","+02:00","false","false"
"Work","SCHOCH-1461","2026-01-14","08:17:59","08:57:04","00:39:05","+02:00","false","false"
"Work","Meeting","2026-01-14","10:02:10","10:37:17","00:35:07","+02:00","false","false"
"Programming","Infra","2026-01-14","11:36:24","14:14:31","02:38:07","+02:00","false","false"
"General CS","Performace oriented programming ","2026-01-14","15:14:01","15:31:14","00:17:13","+02:00","false","false"
"General CS",,"2026-01-14","15:38:14","15:47:59","00:09:45","+02:00","false",
"Work","SCHOCH-1461","2026-01-14","16:23:36","17:06:06","00:42:30","+02:00","false","false"
"Programming","Competitive programming ","2026-01-14","17:15:15","17:55:48","00:40:33","+02:00","false","false"
"Work","SCHOCH-1461","2026-01-15","08:34:19","10:27:46","01:53:27","+02:00","false","false"
"Work","SCHOCH-1461","2026-01-15","10:36:20","10:51:28","00:15:08","+02:00","false","false"
"General CS","Performace oriented programming ","2026-01-15","12:43:33","13:42:04","00:58:31","+02:00","false","false"
"Programming","Infra","2026-01-15","13:50:02","14:29:32","00:39:30","+02:00","false","false"
"Work","SCHOCH-1461","2026-01-15","16:03:05","16:52:05","00:49:00","+02:00","false","false"
"Work","SCHOCH-1461","2026-01-15","16:52:12","17:06:26","00:14:14","+02:00","false","false"
"General CS",,"2026-01-15","18:11:38","18:45:30","00:33:52","+02:00","false",
"Programming","Infra","2026-01-15","18:45:42","19:47:49","01:02:07","+02:00","false","false"
"Programming","Infra","2026-01-15","20:32:00","20:52:04","00:20:04","+02:00","false","false"
"Programming","Competitive programming ","2026-01-15","21:04:11","22:30:25","01:26:14","+02:00","false","false"
"General CS","Computer Graphics","2026-01-16","09:19:06","10:10:56","00:51:50","+02:00","false","false"
"General CS","Computer Graphics","2026-01-16","11:00:55","12:30:57","01:30:02","+02:00","false","false"
"Programming","Infra","2026-01-16","17:46:28","18:38:22","00:51:54","+02:00","false","false"
"Programming","Infra","2026-01-16","20:40:45","21:37:09","00:56:24","+02:00","false","false"
"Programming","Competitive programming ","2026-01-16","21:37:10","22:21:47","00:44:37","+02:00","false","false"
"Programming",,"2026-01-17","11:16:24","12:38:50","01:22:26","+02:00","false",
"Programming",,"2026-01-17","12:48:32","12:54:26","00:05:54","+02:00","false",
"Programming","Infra","2026-01-17","13:00:27","13:57:53","00:57:26","+02:00","false","false"
"Programming","Infra","2026-01-17","15:38:56","17:17:40","01:38:44","+02:00","false","false"
"Programming","Infra","2026-01-17","18:37:24","19:51:34","01:14:10","+02:00","false","false"
"Programming","Competitive programming ","2026-01-17","21:53:17","22:49:18","00:56:01","+02:00","false","false"
"Programming","Infra","2026-01-18","16:44:33","17:27:09","00:42:36","+02:00","false","false"
"Programming","Infra","2026-01-18","17:32:02","17:59:13","00:27:11","+02:00","false","false"
"Programming","Infra","2026-01-18","18:12:41","18:27:50","00:15:09","+02:00","false","false"
"Work","SCHOCH-1461","2026-01-18","18:29:33","19:43:07","01:13:34","+02:00","false","false"
"Work","SCHOCH-1461","2026-01-18","20:33:11","21:03:13","00:30:02","+02:00","false","false"
"Programming","Competitive programming ","2026-01-18","21:03:15","22:04:37","01:01:22","+02:00","false","false"
"General CS",,"2026-01-19","11:15:01","12:45:09","01:30:08","+02:00","false",
"Programming","Infra","2026-01-19","15:11:42","15:58:23","00:46:41","+02:00","false","false"
"Programming","Infra","2026-01-19","16:46:48","16:59:44","00:12:56","+02:00","false","false"
"Programming","Infra","2026-01-19","17:01:45","17:26:58","00:25:13","+02:00","false","false"
"Work","SCHOCH-1461","2026-01-19","17:26:59","18:49:41","01:22:42","+02:00","false","false"
"Work","SCHOCH-1461","2026-01-19","19:22:38","20:17:05","00:54:27","+02:00","false","false"
"Programming","Competitive programming ","2026-01-19","20:55:31","21:34:37","00:39:06","+02:00","false","false"
"Work","SCHOCH-1461","2026-01-20","08:59:44","09:30:33","00:30:49","+02:00","false","false"
"Work","Meeting","2026-01-20","09:59:16","10:28:20","00:29:04","+02:00","false","false"
"Work","SCHOCH-1461","2026-01-20","10:28:21","11:04:30","00:36:09","+02:00","false","false"
"Work","SCHOCH-1461","2026-01-20","12:48:44","12:49:42","00:00:58","+02:00","false","false"
"General CS","C++","2026-01-20","14:07:27","14:38:00","00:30:33","+02:00","false","false"
"Work","SCHOCH-1461","2026-01-20","14:57:42","15:46:00","00:48:18","+02:00","false","false"
"General CS","C++","2026-01-20","15:51:42","15:51:43","00:00:01","+02:00","false","false"
"Work","SCHOCH-1461","2026-01-20","15:51:43","15:51:44","00:00:01","+02:00","false","false"
"General CS","C++","2026-01-20","15:51:45","16:29:10","00:37:25","+02:00","false","false"
"Programming","Competitive programming ","2026-01-20","17:34:38","18:14:14","00:39:36","+02:00","false","false"
"Programming","Infra","2026-01-20","18:58:32","20:02:38","01:04:06","+02:00","false","false"
"Programming",,"2026-01-20","20:12:00","20:38:41","00:26:41","+02:00","false",
"Programming",,"2026-01-20","20:46:32","21:13:28","00:26:56","+02:00","false",
"Work","KLOTZ-584","2026-01-21","08:48:32","10:00:53","01:12:21","+02:00","false","false"
"Work","Meeting","2026-01-21","10:02:55","10:41:25","00:38:30","+02:00","false","false"
"Work","KLOTZ-584","2026-01-21","10:41:37","10:41:57","00:00:20","+02:00","false","false"
"Work","KLOTZ-584","2026-01-21","10:41:57","11:36:28","00:54:31","+02:00","false","false"
"Programming",,"2026-01-21","11:36:52","12:00:31","00:23:39","+02:00","false",
"Work","KLOTZ-584","2026-01-21","12:00:32","12:12:31","00:11:59","+02:00","false","false"
"Programming","Infra","2026-01-21","15:41:04","16:36:25","00:55:21","+02:00","false","false"
"Programming","Infra","2026-01-21","17:37:00","18:48:45","01:11:45","+02:00","false","false"
"Programming","Infra","2026-01-21","18:51:37","20:38:36","01:46:59","+02:00","false","false"
"Programming","Competitive programming ","2026-01-21","20:52:48","21:42:14","00:49:26","+02:00","false","false"
"Work","Meeting","2026-01-22","10:00:25","10:33:40","00:33:15","+02:00","false","false"
"Programming","Infra","2026-01-22","14:41:04","15:32:33","00:51:29","+02:00","false","false"
"General CS",,"2026-01-22","16:27:19","16:49:17","00:21:58","+02:00","false",
"Work","KLOTZ-586","2026-01-22","16:49:50","19:14:22","02:24:32","+02:00","false","false"
"Programming","Competitive programming ","2026-01-22","20:38:45","21:57:42","01:18:57","+02:00","false","false"
"Work","KLOTZ-586","2026-01-23","09:12:08","09:23:08","00:11:00","+02:00","false","false"
"Work","KLOTZ-586","2026-01-23","09:32:39","09:57:40","00:25:01","+02:00","false","false"
"Work","Meeting","2026-01-23","09:57:51","10:56:16","00:58:25","+02:00","false","false"
"Programming","Infra","2026-01-23","13:07:22","15:57:16","02:49:54","+02:00","false","false"
"Programming","Infra","2026-01-23","18:10:51","19:50:08","01:39:17","+02:00","false","false"
"Programming","Competitive programming ","2026-01-23","20:43:16","22:48:58","02:05:42","+02:00","false","false"
"General CS","C++","2026-01-24","10:36:06","11:55:13","01:19:07","+02:00","false","false"
"Programming","Competitive programming ","2026-01-24","11:55:15","12:11:25","00:16:10","+02:00","false","false"
"Programming","Competitive programming ","2026-01-24","12:28:14","13:52:29","01:24:15","+02:00","false","false"
"Programming","Infra","2026-01-24","18:44:08","19:12:16","00:28:08","+02:00","false","false"
"Programming","Infra","2026-01-24","19:13:51","20:30:31","01:16:40","+02:00","false","false"
"Programming","Competitive programming ","2026-01-24","20:59:15","22:00:56","01:01:41","+02:00","false","false"
"General CS","C++","2026-01-25","10:08:10","12:03:41","01:55:31","+02:00","false","false"
"General CS","C++","2026-01-25","14:39:46","15:38:42","00:58:56","+02:00","false","false"
"General CS","C++","2026-01-25","16:36:39","16:59:25","00:22:46","+02:00","false","false"
"Programming","Competitive programming ","2026-01-25","17:34:51","18:23:05","00:48:14","+02:00","false","false"
"Programming","Competitive programming ","2026-01-25","18:58:12","19:59:12","01:01:00","+02:00","false","false"
"Work","KLOTZ-586","2026-01-26","08:33:07","09:22:12","00:49:05","+02:00","false","false"
"Work","KLOTZ-586","2026-01-26","09:23:11","10:00:23","00:37:12","+02:00","false","false"
"Work","Meeting","2026-01-26","10:00:31","10:24:43","00:24:12","+02:00","false","false"
"Work","KLOTZ-586","2026-01-26","10:37:14","12:17:39","01:40:25","+02:00","false","false"
"General CS",,"2026-01-26","13:37:36","15:18:24","01:40:48","+02:00","false",
"Work","KLOTZ-586","2026-01-26","17:09:03","17:53:29","00:44:26","+02:00","false","false"
"Work","KLOTZ-586","2026-01-26","18:03:02","19:07:06","01:04:04","+02:00","false","false"
"Work","KLOTZ-586","2026-01-26","19:20:18","19:21:19","00:01:01","+02:00","false","false"
"Programming","Infra","2026-01-26","20:24:49","21:09:27","00:44:38","+02:00","false","false"
"Programming","Competitive programming ","2026-01-26","21:31:05","22:55:56","01:24:51","+02:00","false","false"
"Work","ENTRY-468","2026-01-27","08:59:52","09:57:24","00:57:32","+02:00","false","false"
"Work","Meeting","2026-01-27","09:59:14","10:26:32","00:27:18","+02:00","false","false"
"Work","ENTRY-468","2026-01-27","10:26:33","10:53:21","00:26:48","+02:00","false","false"
"Work","ENTRY-468","2026-01-27","12:48:51","13:18:58","00:30:07","+02:00","false","false"
"Programming","Infra","2026-01-27","14:22:40","16:13:54","01:51:14","+02:00","false","false"
"Programming","Competitive programming ","2026-01-27","17:26:25","18:29:26","01:03:01","+02:00","false","false"
"Programming","Competitive programming ","2026-01-27","19:41:20","20:49:24","01:08:04","+02:00","false","false"
"General CS","C++","2026-01-28","09:46:26","09:59:50","00:13:24","+02:00","false","false"
"Work","Meeting","2026-01-28","09:59:54","10:25:03","00:25:09","+02:00","false","false"
"Work","ENTRY-468","2026-01-28","10:46:31","11:35:35","00:49:04","+02:00","false","false"
"Programming","Infra","2026-01-28","11:56:13","12:19:19","00:23:06","+02:00","false","false"
"Programming","Infra","2026-01-28","13:09:49","13:51:13","00:41:24","+02:00","false","false"
"General CS",,"2026-01-28","14:59:46","16:00:48","01:01:02","+02:00","false",
"Work","ENTRY-468","2026-01-28","16:19:50","16:33:04","00:13:14","+02:00","false","false"
"Work","ENTRY-468","2026-01-28","17:06:35","19:04:54","01:58:19","+02:00","false","false"
"General CS",,"2026-01-28","20:18:24","20:55:24","00:37:00","+02:00","false",
"Programming","Competitive programming ","2026-01-28","21:01:48","22:19:14","01:17:26","+02:00","false","false"
"Programming","Infra","2026-01-28","21:06:16","21:11:38","00:05:22","+02:00","false","false"
"Work","ENTRY-499","2026-01-29","09:03:02","10:03:10","01:00:08","+02:00","false","false"
"Work","Meeting","2026-01-29","10:03:16","10:35:49","00:32:33","+02:00","false","false"
"Math","Stats","2026-01-29","11:07:08","11:37:38","00:30:30","+02:00","false","false"
"Work",,"2026-01-29","11:37:41","11:53:23","00:15:42","+02:00","false",
"General CS",,"2026-01-29","12:30:55","13:41:03","01:10:08","+02:00","false",
"Work",,"2026-01-29","14:11:09","14:32:54","00:21:45","+02:00","false",
"General CS",,"2026-01-29","14:33:04","15:58:21","01:25:17","+02:00","false",
"General CS",,"2026-01-29","16:35:23","17:49:27","01:14:04","+02:00","false",
"General CS",,"2026-01-29","18:07:35","18:33:54","00:26:19","+02:00","false",
"Programming","Infra","2026-01-29","19:57:32","20:47:16","00:49:44","+02:00","false","false"
"Programming",,"2026-01-29","20:42:28","20:42:29","00:00:01","+02:00","false",
"Programming","Competitive programming ","2026-01-29","21:18:09","22:29:45","01:11:36","+02:00","false","false"
"Work","ENTRY-499","2026-01-30","09:17:10","10:02:13","00:45:03","+02:00","false","false"
"Work","Meeting","2026-01-30","10:02:17","10:17:42","00:15:25","+02:00","false","false"
"Programming","Infra","2026-01-30","12:54:39","13:26:30","00:31:51","+02:00","false","false"
"Programming","Infra","2026-01-30","14:00:35","14:43:21","00:42:46","+02:00","false","false"
"Programming","Infra","2026-01-30","14:46:17","16:00:05","01:13:48","+02:00","false","false"
"Programming","Infra","2026-01-30","17:35:56","19:16:32","01:40:36","+02:00","false","false"
"Programming","Competitive programming ","2026-01-30","21:06:21","22:39:14","01:32:53","+02:00","false","false"
"Programming","Competitive programming ","2026-01-30","23:10:42","23:28:41","00:17:59","+02:00","false","false"
"Programming","Infra","2026-01-31","10:59:32","12:36:17","01:36:45","+02:00","false","false"
"General CS",,"2026-01-31","12:36:18","13:06:04","00:29:46","+02:00","false",
"Programming","Infra","2026-01-31","13:06:06","13:58:27","00:52:21","+02:00","false","false"
"General CS","Performace oriented programming ","2026-01-31","14:35:39","14:56:53","00:21:14","+02:00","false","false"
"General CS","Performace oriented programming ","2026-01-31","14:57:55","15:55:43","00:57:48","+02:00","false","false"
"Programming","Competitive programming ","2026-01-31","17:22:00","18:44:31","01:22:31","+02:00","false","false"
"Programming",,"2026-01-31","19:35:49","21:02:49","01:27:00","+02:00","false",
"Programming",,"2026-01-31","21:03:30","21:13:34","00:10:04","+02:00","false",
"Programming",,"2026-01-31","22:13:11","22:39:55","00:26:44","+02:00","false",
"Programming",,"2026-01-31","22:47:36","22:56:45","00:09:09","+02:00","false",
"Programming",,"2026-02-01","10:45:33","11:47:08","01:01:35","+02:00","false",
"Programming",,"2026-02-01","12:26:44","13:29:35","01:02:51","+02:00","false",
"Programming",,"2026-02-01","14:49:33","17:02:48","02:13:15","+02:00","false",
"Work","ENTRY-499","2026-02-01","19:04:43","19:35:37","00:30:54","+02:00","false","false"
"Programming","Competitive programming ","2026-02-01","19:41:27","20:54:12","01:12:45","+02:00","false","false"
"Work","ENTRY-500","2026-02-02","09:07:34","09:52:39","00:45:05","+02:00","false","false"
"Work","Meeting","2026-02-02","10:02:00","10:26:01","00:24:01","+02:00","false","false"
"Work","ENTRY-500","2026-02-02","10:54:01","10:54:50","00:00:49","+02:00","false","false"
"General CS","C++","2026-02-02","11:02:52","11:18:00","00:15:08","+02:00","false","false"
"Work","SCHOCH-1516","2026-02-02","11:16:26","11:39:55","00:23:29","+02:00","false","false"
"Work","SCHOCH-1516","2026-02-02","11:18:13","11:18:14","00:00:01","+02:00","false","false"
"General CS","C++","2026-02-02","14:02:47","14:25:35","00:22:48","+02:00","false","false"
"General CS","C++","2026-02-02","14:42:37","15:09:50","00:27:13","+02:00","false","false"
"Programming","Infra","2026-02-02","15:09:55","15:30:02","00:20:07","+02:00","false","false"
"Programming","Competitive programming ","2026-02-02","15:30:04","16:39:12","01:09:08","+02:00","false","false"
"Programming","Competitive programming ","2026-02-02","18:32:53","19:24:46","00:51:53","+02:00","false","false"
"Programming","Competitive programming ","2026-02-02","19:07:41","19:07:45","00:00:04","+02:00","false","false"
"Programming","Competitive programming ","2026-02-02","19:42:41","20:31:48","00:49:07","+02:00","false","false"
"Programming","Infra","2026-02-02","21:12:02","21:22:06","00:10:04","+02:00","false","false"
"Work","AMANN-227","2026-02-03","09:40:34","09:48:11","00:07:37","+02:00","false","false"
"Work","Meeting","2026-02-03","10:02:07","11:01:22","00:59:15","+02:00","false","false"
"Work","SCHOCH-1516","2026-02-03","11:44:23","12:20:42","00:36:19","+02:00","false","false"
"Work","SCHOCH-1516","2026-02-03","12:24:06","12:31:43","00:07:37","+02:00","false","false"
"Programming","Infra","2026-02-03","12:38:08","12:57:35","00:19:27","+02:00","false","false"
"Programming","Infra","2026-02-03","15:38:49","17:38:41","01:59:52","+02:00","false","false"
"Programming","Competitive programming ","2026-02-03","17:38:48","17:39:15","00:00:27","+02:00","false","false"
"General CS",,"2026-02-03","18:00:18","19:17:41","01:17:23","+02:00","false",
"Programming","Competitive programming ","2026-02-03","20:19:03","21:15:39","00:56:36","+02:00","false","false"
"General CS","C++","2026-02-03","21:16:32","21:54:32","00:38:00","+02:00","false","false"
"Work","SKIN-1730","2026-02-04","08:56:39","09:25:01","00:28:22","+02:00","false","false"
"Work","Meeting","2026-02-04","09:59:38","10:32:06","00:32:28","+02:00","false","false"
"Work","SCHOCH-1516","2026-02-04","10:32:09","10:49:19","00:17:10","+02:00","false","false"
"Work","SKIN-1730","2026-02-04","11:09:04","11:52:28","00:43:24","+02:00","false","false"
"Work","SKIN-1730","2026-02-04","13:45:40","14:21:57","00:36:17","+02:00","false","false"
"Programming","Infra","2026-02-04","14:25:59","16:38:17","02:12:18","+02:00","false","false"
"Programming","Infra","2026-02-04","16:51:10","17:16:51","00:25:41","+02:00","false","false"
"Programming","Competitive programming ","2026-02-04","19:01:32","20:01:06","00:59:34","+02:00","false","false"
"Programming","Competitive programming ","2026-02-04","20:45:08","22:01:05","01:15:57","+02:00","false","false"
"Work","Meeting","2026-02-05","10:02:59","10:34:50","00:31:51","+02:00","false","false"
"Work","SKIN-1730","2026-02-05","10:34:51","11:08:27","00:33:36","+02:00","false","false"
"Work","SKIN-1730","2026-02-05","11:09:43","11:09:44","00:00:01","+02:00","false","false"
"Work","SCHOCH-1518","2026-02-05","13:11:04","13:32:27","00:21:23","+02:00","false","false"
"General CS",,"2026-02-05","13:32:36","14:59:39","01:27:03","+02:00","false",
"Work",,"2026-02-05","15:29:48","16:51:26","01:21:38","+02:00","false",
"Work","SCHOCH-1518","2026-02-05","17:44:48","18:11:16","00:26:28","+02:00","false","false"
"Programming","Competitive programming ","2026-02-05","20:44:18","22:25:27","01:41:09","+02:00","false","false"
"Work","ENTRY-497","2026-02-06","09:05:06","09:36:15","00:31:09","+02:00","false","false"
"Work","Meeting","2026-02-06","10:03:46","10:18:50","00:15:04","+02:00","false","false"
"Work","ENTRY-497","2026-02-06","10:18:55","10:25:47","00:06:52","+02:00","false","false"
"Work",,"2026-02-06","11:19:18","12:53:43","01:34:25","+02:00","false",
"General CS","Networking","2026-02-06","13:30:10","14:55:06","01:24:56","+02:00","false","false"
"Programming","Infra","2026-02-06","15:34:18","15:59:36","00:25:18","+02:00","false","false"
"Programming","Competitive programming ","2026-02-06","17:44:45","19:10:31","01:25:46","+02:00","false","false"
"Programming","Competitive programming ","2026-02-06","20:48:37","22:19:53","01:31:16","+02:00","false","false"
"Programming","Competitive programming ","2026-02-07","11:49:20","12:54:09","01:04:49","+02:00","false","false"
"Programming","Competitive programming ","2026-02-07","13:06:49","13:50:10","00:43:21","+02:00","false","false"
"Programming","Competitive programming ","2026-02-07","14:26:36","14:43:42","00:17:06","+02:00","false","false"
"General CS","C++","2026-02-07","14:53:29","15:21:25","00:27:56","+02:00","false","false"
"Programming","Competitive programming ","2026-02-07","16:03:21","16:15:55","00:12:34","+02:00","false","false"
"Programming","Competitive programming ","2026-02-07","16:23:48","16:42:51","00:19:03","+02:00","false","false"
"Programming","Competitive programming ","2026-02-07","17:07:36","18:37:46","01:30:10","+02:00","false","false"
"Programming","Competitive programming ","2026-02-07","19:21:31","20:10:59","00:49:28","+02:00","false","false"
"Programming","Infra","2026-02-07","23:03:27","23:25:12","00:21:45","+02:00","false","false"
"Programming","Infra","2026-02-08","10:35:52","11:45:39","01:09:47","+02:00","false","false"
"Programming","Infra","2026-02-08","12:17:39","13:57:15","01:39:36","+02:00","false","false"
"Programming","Competitive programming ","2026-02-08","16:13:58","16:18:35","00:04:37","+02:00","false","false"
"Programming","Competitive programming ","2026-02-08","16:32:51","17:46:43","01:13:52","+02:00","false","false"
"Programming","Infra","2026-02-08","20:28:42","20:28:43","00:00:01","+02:00","false","false"
"Work","Meeting","2026-02-09","10:02:03","10:17:08","00:15:05","+02:00","false","false"
"Programming","Infra","2026-02-09","10:17:13","11:21:09","01:03:56","+02:00","false","false"
"General CS","C++","2026-02-09","12:45:00","13:05:04","00:20:04","+02:00","false","false"
"Programming",,"2026-02-09","13:47:20","15:26:21","01:39:01","+02:00","false",
"General CS","C++","2026-02-09","15:26:22","16:14:53","00:48:31","+02:00","false","false"
"Programming","Infra","2026-02-09","17:37:13","18:29:59","00:52:46","+02:00","false","false"
"Programming","Infra","2026-02-09","18:40:06","19:44:47","01:04:41","+02:00","false","false"
"General CS","C++","2026-02-09","19:51:19","20:26:13","00:34:54","+02:00","false","false"
"General CS","C++","2026-02-09","20:47:57","20:47:58","00:00:01","+02:00","false","false"
"Programming","Infra","2026-02-09","20:47:59","20:55:17","00:07:18","+02:00","false","false"
"Programming","Infra","2026-02-09","21:48:29","21:55:17","00:06:48","+02:00","false","false"
"Programming","Competitive programming ","2026-02-09","21:55:22","22:38:35","00:43:13","+02:00","false","false"
"Work","SCHOCH-1517","2026-02-10","09:22:58","09:52:14","00:29:16","+02:00","false","false"
"Programming","Infra","2026-02-10","12:53:58","14:23:58","01:30:00","+02:00","false","false"
"Programming","Infra","2026-02-10","15:07:13","15:26:43","00:19:30","+02:00","false","false"
"Work","SCHOCH-1517","2026-02-10","16:18:20","16:26:26","00:08:06","+02:00","false","false"
"Programming","Infra","2026-02-10","16:27:30","19:16:47","02:49:17","+02:00","false","false"
"Programming","Competitive programming ","2026-02-10","21:04:46","21:08:05","00:03:19","+02:00","false","false"
"Programming","Competitive programming ","2026-02-10","21:16:58","22:58:40","01:41:42","+02:00","false","false"
"Work","SCHOCH-1520","2026-02-11","09:16:52","09:53:55","00:37:03","+02:00","false","false"
"Work","Meeting","2026-02-11","10:01:22","10:33:34","00:32:12","+02:00","false","false"
"Work","SCHOCH-1520","2026-02-11","10:36:44","10:36:46","00:00:02","+02:00","false","false"
"Programming","Competitive programming ","2026-02-11","13:38:43","15:00:24","01:21:41","+02:00","false","false"
"Programming","Competitive programming ","2026-02-11","15:14:23","15:19:06","00:04:43","+02:00","false","false"
"Programming","Competitive programming ","2026-02-11","15:57:32","16:43:58","00:46:26","+02:00","false","false"
"General CS",,"2026-02-11","18:41:16","19:47:42","01:06:26","+02:00","false",
"Programming","Competitive programming ","2026-02-11","19:47:43","21:02:25","01:14:42","+02:00","false","false"
"Programming","Competitive programming ","2026-02-11","21:40:02","22:17:29","00:37:27","+02:00","false","false"
"Work","SCHOCH-1520","2026-02-12","08:48:51","08:50:40","00:01:49","+02:00","false","false"
"Work","SKIN-1903","2026-02-12","08:50:51","09:57:47","01:06:56","+02:00","false","false"
"Work","Meeting","2026-02-12","10:03:31","10:28:38","00:25:07","+02:00","false","false"
"Programming","Competitive programming ","2026-02-12","10:49:05","11:02:56","00:13:51","+02:00","false","false"
"Programming","Competitive programming ","2026-02-12","13:15:04","15:15:12","02:00:08","+02:00","false","false"
"Programming","Competitive programming ","2026-02-12","16:08:29","16:35:53","00:27:24","+02:00","false","false"
"Programming","Competitive programming ","2026-02-12","17:30:46","17:56:16","00:25:30","+02:00","false","false"
"Programming","Competitive programming ","2026-02-12","18:59:40","19:00:50","00:01:10","+02:00","false","false"
"Programming","Competitive programming ","2026-02-12","19:03:36","19:16:41","00:13:05","+02:00","false","false"
"Programming","Competitive programming ","2026-02-12","19:18:11","20:53:32","01:35:21","+02:00","false","false"
"Work","SKIN-1903","2026-02-13","09:01:36","10:00:00","00:58:24","+02:00","false","false"
"Work","Meeting","2026-02-13","10:00:07","10:25:13","00:25:06","+02:00","false","false"
"Work","SKIN-1904","2026-02-13","10:26:18","10:34:06","00:07:48","+02:00","false","false"
"Programming","Competitive programming ","2026-02-13","11:59:13","14:35:02","02:35:49","+02:00","false","false"
"Programming","Competitive programming ","2026-02-13","14:40:08","14:47:34","00:07:26","+02:00","false","false"
"Programming","Competitive programming ","2026-02-13","14:50:23","14:56:35","00:06:12","+02:00","false","false"
"Programming","Competitive programming ","2026-02-13","19:18:36","20:32:23","01:13:47","+02:00","false","false"
"Programming","Competitive programming ","2026-02-13","20:31:56","20:52:58","00:21:02","+02:00","false","false"
"Programming","Competitive programming ","2026-02-14","11:58:06","12:20:34","00:22:28","+02:00","false","false"
"Programming","Competitive programming ","2026-02-14","12:23:27","12:32:04","00:08:37","+02:00","false","false"
"Programming","Competitive programming ","2026-02-14","12:55:08","15:19:43","02:24:35","+02:00","false","false"
"Programming","Competitive programming ","2026-02-14","17:05:29","17:21:46","00:16:17","+02:00","false","false"
"Programming","Competitive programming ","2026-02-14","17:37:58","17:56:24","00:18:26","+02:00","false","false"
"Programming","Competitive programming ","2026-02-14","18:05:59","18:16:11","00:10:12","+02:00","false","false"
"Programming","Competitive programming ","2026-02-14","18:58:41","19:14:10","00:15:29","+02:00","false","false"
"Programming","Competitive programming ","2026-02-14","19:31:49","21:09:52","01:38:03","+02:00","false","false"
"Programming","Competitive programming ","2026-02-14","22:20:13","22:20:14","00:00:01","+02:00","false","false"
"Programming","Competitive programming ","2026-02-14","22:20:16","22:23:55","00:03:39","+02:00","false","false"
"Programming","Competitive programming ","2026-02-15","11:38:53","11:39:51","00:00:58","+02:00","false","false"
"Programming",,"2026-02-15","11:41:20","13:16:30","01:35:10","+02:00","false",
"Programming",,"2026-02-15","14:00:04","16:52:21","02:52:17","+02:00","false",
"Programming",,"2026-02-15","17:26:51","17:42:43","00:15:52","+02:00","false",
"Programming",,"2026-02-15","18:02:19","20:59:58","02:57:39","+02:00","false",
"Programming","Competitive programming ","2026-02-15","22:04:42","23:07:01","01:02:19","+02:00","false","false"
"Work","SKIN-1903","2026-02-16","09:12:16","10:11:32","00:59:16","+02:00","false","false"
"Work",,"2026-02-16","10:15:36","10:45:47","00:30:11","+02:00","false",
"Programming","Competitive programming ","2026-02-16","10:45:49","10:45:52","00:00:03","+02:00","false","false"
"Work","SKIN-1903","2026-02-16","11:10:31","11:32:40","00:22:09","+02:00","false","false"
"Programming","Competitive programming ","2026-02-16","11:51:00","13:06:12","01:15:12","+02:00","false","false"
"Programming","Competitive programming ","2026-02-16","13:55:40","14:25:33","00:29:53","+02:00","false","false"
"Programming","Competitive programming ","2026-02-16","14:37:12","14:44:24","00:07:12","+02:00","false","false"
"Programming","Competitive programming ","2026-02-16","16:09:00","16:35:51","00:26:51","+02:00","false","false"
"General CS",,"2026-02-16","18:21:17","19:16:10","00:54:53","+02:00","false",
"Programming","Competitive programming ","2026-02-16","19:16:11","19:38:14","00:22:03","+02:00","false","false"
"Programming","Competitive programming ","2026-02-16","19:46:46","19:49:59","00:03:13","+02:00","false","false"
"Programming","Competitive programming ","2026-02-16","20:02:16","21:10:08","01:07:52","+02:00","false","false"
"Work","SKIN-1903","2026-02-16","21:43:54","22:39:32","00:55:38","+02:00","false","false"
"Work",,"2026-02-17","10:09:24","10:09:25","00:00:01","+02:00","false",
"Work","Meeting","2026-02-17","10:09:28","10:37:43","00:28:15","+02:00","false","false"
"Programming","Competitive programming ","2026-02-17","11:33:36","12:33:53","01:00:17","+02:00","false","false"
"Programming","Competitive programming ","2026-02-17","13:30:06","14:01:19","00:31:13","+02:00","false","false"
"Programming","Competitive programming ","2026-02-17","15:15:56","16:56:02","01:40:06","+02:00","false","false"
"Programming","Competitive programming ","2026-02-17","17:13:27","18:10:17","00:56:50","+02:00","false","false"
"Work","SCHOCH-1517","2026-02-17","18:13:28","19:37:43","01:24:15","+02:00","false","false"
"Work","SCHOCH-1517","2026-02-17","20:05:08","22:05:26","02:00:18","+02:00","false","false"
"Work",,"2026-02-18","09:59:29","10:32:21","00:32:52","+02:00","false",
"General CS",,"2026-02-18","11:17:29","11:59:38","00:42:09","+02:00","false",
"General CS",,"2026-02-18","16:36:17","17:03:09","00:26:52","+02:00","false",
"Programming","Competitive programming ","2026-02-18","18:19:30","20:11:04","01:51:34","+02:00","false","false"
"Programming","Competitive programming ","2026-02-18","20:20:02","20:55:43","00:35:41","+02:00","false","false"
"Work","SCHOCH-1517","2026-02-18","21:05:45","21:26:37","00:20:52","+02:00","false","false"
"Work","SKIN-1903","2026-02-18","21:37:38","21:43:32","00:05:54","+02:00","false","false"
"Programming","Competitive programming ","2026-02-18","21:57:52","22:18:09","00:20:17","+02:00","false","false"
"Work","SCHOCH-1517","2026-02-19","09:33:38","09:58:42","00:25:04","+02:00","false","false"
"Work","Meeting","2026-02-19","10:00:36","10:35:42","00:35:06","+02:00","false","false"
"Programming","Competitive programming ","2026-02-19","11:48:33","12:58:11","01:09:38","+02:00","false","false"
"Programming","Competitive programming ","2026-02-19","13:23:46","15:02:46","01:39:00","+02:00","false","false"
"Programming","Competitive programming ","2026-02-19","15:20:46","16:54:00","01:33:14","+02:00","false","false"
"General CS",,"2026-02-19","18:36:05","18:51:53","00:15:48","+02:00","false",
"Programming","Competitive programming ","2026-02-19","19:14:33","20:34:11","01:19:38","+02:00","false","false"
"Work","SKIN-1909","2026-02-19","21:12:52","22:00:24","00:47:32","+02:00","false","false"
"Work","SCHOCH-1517","2026-02-20","09:28:22","09:58:27","00:30:05","+02:00","false","false"
"Work","Meeting","2026-02-20","10:03:52","10:48:01","00:44:09","+02:00","false","false"
"Programming","Competitive programming ","2026-02-20","11:14:59","12:54:54","01:39:55","+02:00","false","false"
"Work","SKIN-1904","2026-02-20","12:30:11","12:55:15","00:25:04","+02:00","false","false"
"Programming","Competitive programming ","2026-02-20","13:04:47","13:45:45","00:40:58","+02:00","false","false"
"Programming","Competitive programming ","2026-02-20","14:03:17","14:23:24","00:20:07","+02:00","false","false"
"Programming","Competitive programming ","2026-02-20","14:35:22","14:48:26","00:13:04","+02:00","false","false"
"Programming","Competitive programming ","2026-02-20","20:34:43","21:17:13","00:42:30","+02:00","false","false"
"Programming","Competitive programming ","2026-02-20","23:12:27","23:44:48","00:32:21","+02:00","false","false"
"Programming",,"2026-02-21","13:20:58","14:11:19","00:50:21","+02:00","false",
"Programming",,"2026-02-21","14:11:38","15:14:49","01:03:11","+02:00","false",
"Programming","Competitive programming ","2026-02-21","16:35:23","18:32:35","01:57:12","+02:00","false","false"
"Programming","Competitive programming ","2026-02-21","20:53:21","20:53:22","00:00:01","+02:00","false","false"
"Programming",,"2026-02-21","20:53:23","23:07:53","02:14:30","+02:00","false",
"Programming",,"2026-02-22","11:00:52","13:52:42","02:51:50","+02:00","false",
"Programming",,"2026-02-22","14:10:00","14:26:14","00:16:14","+02:00","false",
"Programming",,"2026-02-22","14:43:22","15:18:52","00:35:30","+02:00","false",
"Programming",,"2026-02-22","16:39:58","17:00:05","00:20:07","+02:00","false",
"Programming",,"2026-02-22","17:51:12","18:06:32","00:15:20","+02:00","false",
"Programming",,"2026-02-22","18:25:28","19:54:36","01:29:08","+02:00","false",
"Programming",,"2026-02-22","21:22:04","21:58:35","00:36:31","+02:00","false",
"Programming","Competitive programming ","2026-02-22","22:17:17","22:51:19","00:34:02","+02:00","false","false"
"Work","BREAKA-259","2026-02-23","08:50:10","09:04:29","00:14:19","+02:00","false","false"
"Work","BREAKA-259","2026-02-23","09:13:53","09:13:54","00:00:01","+02:00","false","false"
"Work","SKIN-1909","2026-02-23","09:14:05","10:22:26","01:08:21","+02:00","false","false"
"General CS",,"2026-02-23","11:40:07","11:59:23","00:19:16","+02:00","false",
"Work","SKIN-1904","2026-02-23","13:56:00","14:34:23","00:38:23","+02:00","false","false"
"Programming","Competitive programming ","2026-02-23","14:37:52","14:38:59","00:01:07","+02:00","false","false"
"Work","SKIN-1904","2026-02-23","15:49:17","16:35:27","00:46:10","+02:00","false","false"
"Programming",,"2026-02-23","16:55:17","19:41:34","02:46:17","+02:00","false",
"Programming","Competitive programming ","2026-02-23","21:43:16","22:46:45","01:03:29","+02:00","false","false"
"Work","BREAKA-259","2026-02-24","08:57:43","09:56:00","00:58:17","+02:00","false","false"
"Work","Meeting","2026-02-24","10:03:03","10:24:14","00:21:11","+02:00","false","false"
"Programming",,"2026-02-24","11:49:26","13:01:53","01:12:27","+02:00","false",
"Programming",,"2026-02-24","13:03:11","13:28:59","00:25:48","+02:00","false",
"Programming","Competitive programming ","2026-02-24","16:55:24","19:27:46","02:32:22","+02:00","false","false"
"Programming","Competitive programming ","2026-02-24","19:34:52","20:02:04","00:27:12","+02:00","false","false"
"Programming","Competitive programming ","2026-02-24","20:27:51","21:14:07","00:46:16","+02:00","false","false"
"Programming","Competitive programming ","2026-02-24","22:18:31","23:23:50","01:05:19","+02:00","false","false"
"Work","SKIN-1904","2026-02-25","09:00:31","09:00:38","00:00:07","+02:00","false","false"
"Work","SKIN-1909","2026-02-25","09:00:42","09:53:54","00:53:12","+02:00","false","false"
"Work","Meeting","2026-02-25","10:04:01","10:42:30","00:38:29","+02:00","false","false"
"Programming",,"2026-02-25","11:55:58","13:06:51","01:10:53","+02:00","false",
"Programming","Competitive programming ","2026-02-25","16:34:36","18:57:45","02:23:09","+02:00","false","false"
"Programming",,"2026-02-25","18:57:46","18:57:48","00:00:02","+02:00","false",
"Work","SKIN-1909","2026-02-25","20:33:46","21:29:38","00:55:52","+02:00","false","false"
"Work",,"2026-02-25","21:31:26","21:50:40","00:19:14","+02:00","false",
"General CS",,"2026-02-25","22:35:39","23:20:47","00:45:08","+02:00","false",
"Work","KLOTZ-602","2026-02-26","09:16:12","09:39:54","00:23:42","+02:00","false","false"
"Work","Meeting","2026-02-26","10:00:34","10:30:40","00:30:06","+02:00","false","false"
"General CS","Java","2026-02-26","10:30:48","11:48:33","01:17:45","+02:00","false","false"
"General CS","Java","2026-02-26","12:22:40","13:09:21","00:46:41","+02:00","false","false"
"General CS","Java","2026-02-26","15:01:44","15:39:29","00:37:45","+02:00","false","false"
"Programming","Competitive programming ","2026-02-26","16:36:17","20:37:42","04:01:25","+02:00","false","false"
"Programming",,"2026-02-26","19:01:13","19:01:14","00:00:01","+02:00","false",
"Programming","Competitive programming ","2026-02-26","20:39:53","20:50:28","00:10:35","+02:00","false","false"
"Work","KLOTZ-602","2026-02-27","09:28:38","10:27:25","00:58:47","+02:00","false","false"
"Programming","Competitive programming ","2026-02-27","16:35:24","18:55:01","02:19:37","+02:00","false","false"
"Work","KLOTZ-602","2026-02-27","19:36:21","19:36:23","00:00:02","+02:00","false","false"
"Programming","Competitive programming ","2026-02-28","19:10:46","20:13:33","01:02:47","+02:00","false","false"
"Programming","Competitive programming ","2026-02-28","21:09:36","21:39:41","00:30:05","+02:00","false","false"
"General CS",,"2026-03-01","13:08:41","13:47:21","00:38:40","+02:00","false",
"General CS",,"2026-03-01","14:10:20","14:53:52","00:43:32","+02:00","false",
"General CS",,"2026-03-01","17:56:31","17:56:32","00:00:01","+02:00","false",
"Programming","Competitive programming ","2026-03-01","17:56:33","19:19:13","01:22:40","+02:00","false","false"
"Work","SCHOCH-1461","2026-03-01","20:34:06","21:32:42","00:58:36","+02:00","false","false"
"Work","SCHOCH-1461","2026-03-01","21:35:21","21:42:26","00:07:05","+02:00","false","false"
"Programming","Competitive programming ","2026-03-01","21:42:27","22:17:10","00:34:43","+02:00","false","false"
"Work","SCHOCH-1461","2026-03-01","22:25:08","23:25:24","01:00:16","+02:00","false","false"
"Work","Meeting","2026-03-02","10:02:18","10:37:43","00:35:25","+02:00","false","false"
"Work","KLOTZ-602","2026-03-02","12:06:03","12:29:14","00:23:11","+02:00","false","false"
"Programming","Competitive programming ","2026-03-02","14:00:12","14:56:02","00:55:50","+02:00","false","false"
"Programming","Competitive programming ","2026-03-02","15:11:54","15:16:12","00:04:18","+02:00","false","false"
"Programming","Competitive programming ","2026-03-02","16:20:07","16:41:18","00:21:11","+02:00","false","false"
"Programming","Competitive programming ","2026-03-02","18:53:56","19:47:58","00:54:02","+02:00","false","false"
"Programming","Competitive programming ","2026-03-02","19:54:29","20:06:48","00:12:19","+02:00","false","false"
"Programming","Competitive programming ","2026-03-02","20:14:17","21:17:43","01:03:26","+02:00","false","false"
"Work","SCHOCH-1461","2026-03-03","09:19:46","10:01:49","00:42:03","+02:00","false","false"
"Work","Meeting","2026-03-03","10:01:51","10:25:11","00:23:20","+02:00","false","false"
"General CS","C++","2026-03-03","10:58:18","11:21:05","00:22:47","+02:00","false","false"
"Programming","Competitive programming ","2026-03-03","11:28:20","11:45:15","00:16:55","+02:00","false","false"
"Programming","Competitive programming ","2026-03-03","13:50:23","14:59:12","01:08:49","+02:00","false","false"
"Programming","Competitive programming ","2026-03-03","16:39:08","17:40:18","01:01:10","+02:00","false","false"
"General CS","Performace oriented programming ","2026-03-03","19:22:30","19:33:01","00:10:31","+02:00","false","false"
"Work","SCHOCH-1461","2026-03-03","20:21:45","22:01:08","01:39:23","+02:00","false","false"
"Work","SCHOCH-1461","2026-03-04","09:07:23","10:03:06","00:55:43","+02:00","false","false"
"Work","Meeting","2026-03-04","10:03:17","10:33:25","00:30:08","+02:00","false","false"
"Work",,"2026-03-04","10:32:19","12:31:01","01:58:42","+02:00","false",
"Programming","Competitive programming ","2026-03-04","17:22:35","18:13:01","00:50:26","+02:00","false","false"
"Programming","Competitive programming ","2026-03-04","18:22:48","18:41:55","00:19:07","+02:00","false","false"
"Work","SCHOCH-1461","2026-03-04","20:02:08","20:05:09","00:03:01","+02:00","false","false"
"Work","SCHOCH-1461","2026-03-04","20:48:29","22:02:40","01:14:11","+02:00","false","false"
"Work","SCHOCH-1533","2026-03-04","22:02:57","22:30:05","00:27:08","+02:00","false","false"
"General CS","C++","2026-03-05","09:20:01","10:39:43","01:19:42","+02:00","false","false"
"General CS","C++","2026-03-05","10:39:46","10:45:36","00:05:50","+02:00","false","false"
"Programming",,"2026-03-05","13:44:15","14:39:21","00:55:06","+02:00","false",
"General CS",,"2026-03-05","16:32:29","17:15:59","00:43:30","+02:00","false",
"Programming",,"2026-03-05","18:25:59","18:26:00","00:00:01","+02:00","false",
"Programming","Competitive programming ","2026-03-05","18:26:03","19:53:49","01:27:46","+02:00","false","false"
"General CS","Performace oriented programming ","2026-03-05","20:42:15","20:42:21","00:00:06","+02:00","false","false"
"General CS","C++","2026-03-05","21:07:37","22:21:08","01:13:31","+02:00","false","false"
"General CS",,"2026-03-05","22:21:15","23:06:30","00:45:15","+02:00","false",
"Work","SCHOCH-1533","2026-03-06","09:42:17","09:45:58","00:03:41","+02:00","false","false"
"Work","SCHOCH-1526","2026-03-06","09:46:18","10:06:32","00:20:14","+02:00","false","false"
"Work","Meeting","2026-03-06","10:06:34","10:27:31","00:20:57","+02:00","false","false"
"General CS",,"2026-03-06","11:30:02","12:50:09","01:20:07","+02:00","false",
"General CS",,"2026-03-06","13:30:51","15:00:53","01:30:02","+02:00","false",
"Work","Meeting","2026-03-06","16:44:13","16:59:30","00:15:17","+02:00","false","false"
"Programming","Competitive programming ","2026-03-06","19:38:01","20:38:04","01:00:03","+02:00","false","false"
"General CS","C++","2026-03-06","20:38:13","21:46:13","01:08:00","+02:00","false","false"
"Programming","Competitive programming ","2026-03-07","12:01:17","13:43:21","01:42:04","+02:00","false","false"
"General CS","C++","2026-03-07","13:50:07","14:50:31","01:00:24","+02:00","false","false"
"General CS","C++","2026-03-07","15:13:43","15:28:31","00:14:48","+02:00","false","false"
"General CS","C++","2026-03-07","16:28:38","17:24:44","00:56:06","+02:00","false","false"
"Work","SCHOCH-1526","2026-03-07","17:58:44","19:14:13","01:15:29","+02:00","false","false"
"Work","SCHOCH-1526","2026-03-07","19:57:06","21:16:35","01:19:29","+02:00","false","false"
"Programming","Competitive programming ","2026-03-08","21:22:03","21:51:36","00:29:33","+02:00","false","false"
"Programming","Competitive programming ","2026-03-09","09:39:57","09:55:01","00:15:04","+02:00","false","false"
"Work","Meeting","2026-03-09","09:59:31","10:29:37","00:30:06","+02:00","false","false"
"Work","SCHOCH-1526","2026-03-09","10:49:47","11:17:51","00:28:04","+02:00","false","false"
"Programming","Competitive programming ","2026-03-09","12:23:01","12:53:46","00:30:45","+02:00","false","false"
"Programming","Competitive programming ","2026-03-09","14:19:53","14:45:15","00:25:22","+02:00","false","false"
"General CS","Networking","2026-03-09","16:10:24","16:39:57","00:29:33","+02:00","false","false"
"General CS","Networking","2026-03-09","17:27:32","19:23:11","01:55:39","+02:00","false","false"
"Work","SCHOCH-1526","2026-03-09","20:12:35","21:28:39","01:16:04","+02:00","false","false"
"Work","Meeting","2026-03-10","10:00:05","10:17:58","00:17:53","+02:00","false","false"
"Programming","Competitive programming ","2026-03-10","11:47:21","12:13:53","00:26:32","+02:00","false","false"
"Programming","Competitive programming ","2026-03-10","12:46:39","12:56:45","00:10:06","+02:00","false","false"
"Work","SCHOCH-1535","2026-03-10","12:57:08","13:39:46","00:42:38","+02:00","false","false"
"Programming","Competitive programming ","2026-03-10","13:50:26","14:48:00","00:57:34","+02:00","false","false"
"Programming","Competitive programming ","2026-03-10","14:49:12","14:57:37","00:08:25","+02:00","false","false"
"Programming","Competitive programming ","2026-03-10","19:01:17","20:11:49","01:10:32","+02:00","false","false"
"Work","SCHOCH-1461","2026-03-10","20:20:17","20:25:55","00:05:38","+02:00","false","false"
"Work","SCHOCH-1461","2026-03-10","20:35:04","21:51:11","01:16:07","+02:00","false","false"
"Work","SCHOCH-1461","2026-03-10","22:03:10","23:09:31","01:06:21","+02:00","false","false"
"Work","SCHOCH-1461","2026-03-11","09:25:12","09:36:54","00:11:42","+02:00","false","false"
"Work","Meeting","2026-03-11","10:00:44","10:30:16","00:29:32","+02:00","false","false"
"Programming","Competitive programming ","2026-03-11","11:44:48","12:30:03","00:45:15","+02:00","false","false"
"Programming","Competitive programming ","2026-03-11","13:46:33","14:58:45","01:12:12","+02:00","false","false"
"Programming","Competitive programming ","2026-03-11","15:20:15","16:05:31","00:45:16","+02:00","false","false"
"Programming","Competitive programming ","2026-03-11","18:09:01","18:40:10","00:31:09","+02:00","false","false"
"Work","SCHOCH-1461","2026-03-11","18:54:59","20:04:27","01:09:28","+02:00","false","false"
"Work","SCHOCH-1461","2026-03-11","20:12:05","21:52:48","01:40:43","+02:00","false","false"
"Programming","Competitive programming ","2026-03-11","20:32:02","20:32:03","00:00:01","+02:00","false","false"
"Programming","Competitive programming ","2026-03-11","20:32:04","20:32:05","00:00:01","+02:00","false","false"
"Work","SCHOCH-1461","2026-03-12","09:24:43","10:11:09","00:46:26","+02:00","false","false"
"Work","Meeting","2026-03-12","10:11:11","12:05:57","01:54:46","+02:00","false","false"
"General CS",,"2026-03-12","14:00:27","14:30:32","00:30:05","+02:00","false",
"General CS",,"2026-03-12","15:15:01","15:55:05","00:40:04","+02:00","false",
"Programming","Competitive programming ","2026-03-12","18:14:05","19:05:45","00:51:40","+02:00","false","false"
"Programming","Competitive programming ","2026-03-12","20:57:19","21:15:21","00:18:02","+02:00","false","false"
"Work","SCHOCH-1461","2026-03-13","09:21:17","09:33:28","00:12:11","+02:00","false","false"
"Work","SCHOCH-1461","2026-03-13","09:37:50","10:08:22","00:30:32","+02:00","false","false"
"Work","Meeting","2026-03-13","10:08:24","10:36:51","00:28:27","+02:00","false","false"
"General CS",,"2026-03-13","10:36:52","11:08:14","00:31:22","+02:00","false",
"Work","SCHOCH-1526","2026-03-13","12:34:12","12:59:53","00:25:41","+02:00","false","false"
"Programming","Competitive programming ","2026-03-13","13:25:27","14:16:41","00:51:14","+02:00","false","false"
"Work",,"2026-03-13","14:16:52","15:24:36","01:07:44","+02:00","false",
"Programming","Competitive programming ","2026-03-13","16:59:45","17:09:20","00:09:35","+02:00","false","false"
"General CS","DSA","2026-03-13","17:09:27","20:01:43","02:52:16","+02:00","false","false"
"Programming","Competitive programming ","2026-03-13","21:30:54","23:17:14","01:46:20","+02:00","false","false"
"Programming","Competitive programming ","2026-03-14","16:34:36","18:42:10","02:07:34","+02:00","false","false"
"Programming","Competitive programming ","2026-03-14","18:44:01","18:54:07","00:10:06","+02:00","false","false"
"Programming","Competitive programming ","2026-03-14","18:55:12","19:04:11","00:08:59","+02:00","false","false"
"Programming","Competitive programming ","2026-03-14","20:11:37","20:31:12","00:19:35","+02:00","false","false"
"Programming","Competitive programming ","2026-03-14","20:37:35","21:07:46","00:30:11","+02:00","false","false"
"Programming","Competitive programming ","2026-03-15","12:25:54","12:38:55","00:13:01","+02:00","false","false"
"Programming","Competitive programming ","2026-03-15","14:15:20","14:15:23","00:00:03","+02:00","false","false"
"Programming",,"2026-03-15","14:15:27","14:26:27","00:11:00","+02:00","false",
"Programming",,"2026-03-15","14:40:25","14:56:55","00:16:30","+02:00","false",
"Programming",,"2026-03-15","15:51:44","16:13:55","00:22:11","+02:00","false",
"Programming",,"2026-03-15","16:14:02","17:18:33","01:04:31","+02:00","false",
"Programming",,"2026-03-15","18:00:22","20:29:32","02:29:10","+02:00","false",
"Programming",,"2026-03-15","20:44:19","22:28:05","01:43:46","+02:00","false",
"Work","SCHOCH-1526","2026-03-16","08:53:34","08:53:37","00:00:03","+02:00","false","false"
"Work","SCHOCH-1461","2026-03-16","08:53:41","09:21:54","00:28:13","+02:00","false","false"
"Programming","Competitive programming ","2026-03-16","09:48:25","09:59:51","00:11:26","+02:00","false","false"
"Work","Meeting","2026-03-16","09:59:54","10:26:18","00:26:24","+02:00","false","false"
"Programming",,"2026-03-16","10:26:14","10:41:20","00:15:06","+02:00","false",
"Programming","Competitive programming ","2026-03-16","10:41:06","10:41:07","00:00:01","+02:00","false","false"
"Work","SCHOCH-1461","2026-03-16","11:14:19","11:44:37","00:30:18","+02:00","false","false"
"Programming",,"2026-03-16","11:44:39","13:18:56","01:34:17","+02:00","false",
"Programming",,"2026-03-16","13:37:09","13:42:40","00:05:31","+02:00","false",
"Work",,"2026-03-16","13:42:42","14:12:30","00:29:48","+02:00","false",
"Programming",,"2026-03-16","14:15:20","14:20:46","00:05:26","+02:00","false",
"Programming",,"2026-03-16","14:33:02","14:47:18","00:14:16","+02:00","false",
"Programming",,"2026-03-16","14:59:00","16:26:31","01:27:31","+02:00","false",
"Programming","Competitive programming ","2026-03-16","18:20:40","18:50:55","00:30:15","+02:00","false","false"
"Programming","Competitive programming ","2026-03-16","20:09:59","20:10:00","00:00:01","+02:00","false","false"
"Work","SCHOCH-1526","2026-03-16","20:10:05","20:43:52","00:33:47","+02:00","false","false"
"Programming",,"2026-03-16","21:12:30","21:35:48","00:23:18","+02:00","false",
"Programming",,"2026-03-16","22:05:02","22:10:21","00:05:19","+02:00","false",
"Work","SCHOCH-1526","2026-03-17","08:38:20","09:43:02","01:04:42","+02:00","false","false"
"Work","Meeting","2026-03-17","10:03:23","10:41:14","00:37:51","+02:00","false","false"
"Work","SCHOCH-1526","2026-03-17","10:43:21","11:23:29","00:40:08","+02:00","false","false"
"Programming",,"2026-03-17","12:10:52","13:27:32","01:16:40","+02:00","false",
"Programming",,"2026-03-17","14:41:31","14:45:35","00:04:04","+02:00","false",
"Work","SCHOCH-1526","2026-03-17","16:03:02","16:31:41","00:28:39","+02:00","false","false"
"Work",,"2026-03-17","16:31:43","16:53:23","00:21:40","+02:00","false",
"Programming","Competitive programming ","2026-03-17","17:04:41","17:25:40","00:20:59","+02:00","false","false"
"Programming","Competitive programming ","2026-03-17","18:54:02","19:35:00","00:40:58","+02:00","false","false"
"Programming","Competitive programming ","2026-03-17","19:35:00","20:14:07","00:39:07","+02:00","false","false"
"Work","SCHOCH-1461","2026-03-17","20:14:13","22:07:01","01:52:48","+02:00","false","false"
"Work",,"2026-03-18","09:05:43","09:15:08","00:09:25","+02:00","false",
"Work","SCHOCH-1461","2026-03-18","09:30:31","10:25:41","00:55:10","+02:00","false","false"
"Work","Meeting","2026-03-18","10:25:43","10:51:09","00:25:26","+02:00","false","false"
"Work","SCHOCH-1461","2026-03-18","11:38:18","12:01:49","00:23:31","+02:00","false","false"
"Work","SCHOCH-1461","2026-03-18","12:12:44","12:25:21","00:12:37","+02:00","false","false"
"General CS",,"2026-03-18","13:18:26","16:00:56","02:42:30","+02:00","false",
"General CS",,"2026-03-18","16:12:30","16:33:50","00:21:20","+02:00","false",
"Work","SCHOCH-1461","2026-03-18","16:33:51","17:26:34","00:52:43","+02:00","false","false"
"General CS",,"2026-03-18","17:26:35","17:30:02","00:03:27","+02:00","false",
"General CS",,"2026-03-18","17:40:32","17:40:35","00:00:03","+02:00","false",
"Work","SCHOCH-1461","2026-03-18","17:40:36","17:55:13","00:14:37","+02:00","false","false"
"General CS",,"2026-03-18","19:48:33","20:32:42","00:44:09","+02:00","false",
"General CS",,"2026-03-18","21:40:12","23:01:21","01:21:09","+02:00","false",
"General CS",,"2026-03-19","09:02:34","09:27:41","00:25:07","+02:00","false",
"Work","Meeting","2026-03-19","10:02:40","10:56:51","00:54:11","+02:00","false","false"
"Programming","Competitive programming ","2026-03-19","11:51:05","12:01:44","00:10:39","+02:00","false","false"
"Programming","Competitive programming ","2026-03-19","13:41:15","14:41:14","00:59:59","+02:00","false","false"
"Programming","Competitive programming ","2026-03-19","15:57:28","16:48:28","00:51:00","+02:00","false","false"
"Programming","Competitive programming ","2026-03-19","19:12:01","19:54:10","00:42:09","+02:00","false","false"
"Programming","Competitive programming ","2026-03-19","21:26:36","21:50:01","00:23:25","+02:00","false","false"
"Work","SKIN-1730","2026-03-20","09:58:09","10:03:28","00:05:19","+02:00","false","false"
"Work","Meeting","2026-03-20","10:03:31","11:01:53","00:58:22","+02:00","false","false"
"Programming","Competitive programming ","2026-03-20","17:47:40","18:37:10","00:49:30","+02:00","false","false"
"Programming","Competitive programming ","2026-03-20","18:43:01","19:21:34","00:38:33","+02:00","false","false"
"Programming","Competitive programming ","2026-03-20","21:16:30","21:21:37","00:05:07","+02:00","false","false"
"General CS",,"2026-03-20","21:28:53","21:53:57","00:25:04","+02:00","false",
"Programming","Competitive programming ","2026-03-20","22:03:29","22:04:05","00:00:36","+02:00","false","false"
"General CS","Performace oriented programming ","2026-03-21","13:14:29","15:02:38","01:48:09","+02:00","false","false"
"Programming","Competitive programming ","2026-03-21","16:02:58","17:22:30","01:19:32","+02:00","false","false"
"Programming","Competitive programming ","2026-03-21","18:22:19","19:27:12","01:04:53","+02:00","false","false"
"Programming","Competitive programming ","2026-03-21","19:44:07","20:36:52","00:52:45","+02:00","false","false"
"Programming","Competitive programming ","2026-03-21","20:37:43","21:08:32","00:30:49","+02:00","false","false"
"General CS",,"2026-03-22","10:29:29","11:03:50","00:34:21","+02:00","false",
"General CS",,"2026-03-22","11:30:50","11:30:52","00:00:02","+02:00","false",
"General CS","Performace oriented programming ","2026-03-22","11:30:54","12:11:10","00:40:16","+02:00","false","false"
"Math","Stats","2026-03-22","12:11:12","12:22:08","00:10:56","+02:00","false","false"
"Programming","Competitive programming ","2026-03-22","12:30:36","12:49:15","00:18:39","+02:00","false","false"
"Programming","Competitive programming ","2026-03-22","13:29:39","15:04:36","01:34:57","+02:00","false","false"
"General CS","Networking","2026-03-22","16:30:17","17:14:20","00:44:03","+02:00","false","false"
"Programming","Competitive programming ","2026-03-22","19:55:17","20:51:16","00:55:59","+02:00","false","false"
"General CS",,"2026-03-22","22:07:06","22:07:09","00:00:03","+02:00","false",
"Work","SKIN-1914","2026-03-23","09:48:42","10:05:14","00:16:32","+02:00","false","false"
"Work","Meeting","2026-03-23","10:05:16","10:57:09","00:51:53","+02:00","false","false"
"Programming","Competitive programming ","2026-03-23","13:53:27","14:45:47","00:52:20","+02:00","false","false"
"Programming","Competitive programming ","2026-03-23","18:38:40","19:43:36","01:04:56","+02:00","false","false"
"Programming","Competitive programming ","2026-03-23","20:40:26","21:36:05","00:55:39","+02:00","false","false"
"Work","SKIN-1914","2026-03-24","09:07:18","10:23:00","01:15:42","+02:00","false","false"
"Work","Meeting","2026-03-24","10:23:02","10:30:02","00:07:00","+02:00","false","false"
"Programming","Competitive programming ","2026-03-24","14:20:49","15:44:50","01:24:01","+02:00","false","false"
"Programming","Competitive programming ","2026-03-24","17:41:05","18:05:37","00:24:32","+02:00","false","false"
"Programming","Competitive programming ","2026-03-24","19:17:50","19:25:47","00:07:57","+02:00","false","false"
"Work","SKIN-1914","2026-03-25","09:00:38","09:59:30","00:58:52","+02:00","false","false"
"Work","Meeting","2026-03-25","09:59:32","10:53:53","00:54:21","+02:00","false","false"
"Programming","Competitive programming ","2026-03-25","12:35:35","12:50:33","00:14:58","+02:00","false","false"
"Programming","Competitive programming ","2026-03-25","13:33:47","15:50:20","02:16:33","+02:00","false","false"
"Programming",,"2026-03-25","13:58:45","13:58:46","00:00:01","+02:00","false",
"Programming","Competitive programming ","2026-03-25","18:14:42","18:37:07","00:22:25","+02:00","false","false"
"Programming","Competitive programming ","2026-03-25","20:16:07","20:36:27","00:20:20","+02:00","false","false"
"Work","SKIN-1914","2026-03-26","08:36:24","08:44:00","00:07:36","+02:00","false","false"
"Work","BREAKA-259","2026-03-26","08:44:26","09:25:55","00:41:29","+02:00","false","false"
"Work","BREAKA-259","2026-03-26","09:47:40","09:57:44","00:10:04","+02:00","false","false"
"Work","Meeting","2026-03-26","10:00:58","10:16:03","00:15:05","+02:00","false","false"
"Programming","Competitive programming ","2026-03-26","11:57:49","13:11:18","01:13:29","+02:00","false","false"
"Programming","Competitive programming ","2026-03-26","13:57:18","15:11:20","01:14:02","+02:00","false","false"
"Programming","Competitive programming ","2026-03-26","16:57:06","17:19:37","00:22:31","+02:00","false","false"
"Programming","Competitive programming ","2026-03-26","17:53:53","19:24:58","01:31:05","+02:00","false","false"
"Programming","Competitive programming ","2026-03-27","11:40:37","12:46:27","01:05:50","+02:00","false","false"
"Programming","Competitive programming ","2026-03-27","17:24:42","18:25:41","01:00:59","+02:00","false","false"
"Programming","Competitive programming ","2026-03-27","21:46:52","22:09:47","00:22:55","+02:00","false","false"
"Programming","Competitive programming ","2026-03-27","22:14:54","22:51:00","00:36:06","+02:00","false","false"
"General CS","Concurrency","2026-03-28","13:10:10","13:31:14","00:21:04","+02:00","false","false"
"Programming","Competitive programming ","2026-03-28","16:36:29","18:04:30","01:28:01","+02:00","false","false"
"Programming","Competitive programming ","2026-03-28","19:50:51","21:23:00","01:32:09","+02:00","false","false"
"Programming","Competitive programming ","2026-03-28","21:49:49","22:04:11","00:14:22","+02:00","false","false"
"Programming","Competitive programming ","2026-03-29","11:47:13","12:52:05","01:04:52","+03:00","false","false"
"Programming","Competitive programming ","2026-03-29","13:24:19","15:07:43","01:43:24","+03:00","false","false"
"Programming","Competitive programming ","2026-03-29","16:59:06","17:55:07","00:56:01","+03:00","false","false"
"Programming","Competitive programming ","2026-03-29","18:01:37","18:34:14","00:32:37","+03:00","false","false"
"Work","BREAKA-259","2026-03-30","08:29:02","09:56:01","01:26:59","+03:00","false","false"
"Work","BREAKA-259","2026-03-30","10:08:22","10:33:28","00:25:06","+03:00","false","false"
"Programming","Competitive programming ","2026-03-30","12:11:16","12:41:05","00:29:49","+03:00","false","false"
"Programming","Competitive programming ","2026-03-30","13:31:42","15:10:30","01:38:48","+03:00","false","false"
"Programming","Competitive programming ","2026-03-30","15:10:41","15:48:38","00:37:57","+03:00","false","false"
"Programming","Competitive programming ","2026-03-30","16:17:20","17:08:16","00:50:56","+03:00","false","false"
"Work","BREAKA-259","2026-03-30","17:31:10","18:26:00","00:54:50","+03:00","false","false"
"Work","BREAKA-259","2026-03-30","18:53:40","20:23:38","01:29:58","+03:00","false","false"
"Work","BREAKA-259","2026-03-30","20:38:05","21:00:44","00:22:39","+03:00","false","false"
"Work","Meeting","2026-03-31","10:00:22","10:40:07","00:39:45","+03:00","false","false"
"Programming","Competitive programming ","2026-03-31","11:20:56","11:35:31","00:14:35","+03:00","false","false"
"General CS","Networking","2026-03-31","12:33:42","13:13:53","00:40:11","+03:00","false","false"
"Programming","Competitive programming ","2026-03-31","14:22:54","16:00:21","01:37:27","+03:00","false","false"
"Programming","Competitive programming ","2026-03-31","16:47:39","19:31:52","02:44:13","+03:00","false","false"
"Work","SCHOCH-1550","2026-03-31","20:30:09","21:06:06","00:35:57","+03:00","false","false"
"Work","SCHOCH-1461","2026-03-31","21:07:12","22:02:42","00:55:30","+03:00","false","false"
"Work","Meeting","2026-04-01","10:00:51","10:22:54","00:22:03","+03:00","false","false"
"Work","SCHOCH-1550","2026-04-01","10:22:57","11:15:04","00:52:07","+03:00","false","false"
"Work","SCHOCH-1550","2026-04-01","11:25:38","11:44:13","00:18:35","+03:00","false","false"
"Work",,"2026-04-01","11:43:49","12:20:40","00:36:51","+03:00","false",
"Programming","Macro plac3","2026-04-01","13:40:22","14:34:23","00:54:01","+03:00","false","false"
"General CS",,"2026-04-01","16:15:34","17:20:53","01:05:19","+03:00","false",
"Programming","Macro plac3","2026-04-01","17:20:56","17:48:19","00:27:23","+03:00","false","false"
"Programming","Macro plac3","2026-04-01","18:34:11","18:44:16","00:10:05","+03:00","false","false"
"General CS",,"2026-04-01","19:07:25","19:34:48","00:27:23","+03:00","false",
"General CS",,"2026-04-01","19:34:51","19:51:12","00:16:21","+03:00","false",
"General CS",,"2026-04-01","19:59:14","19:59:40","00:00:26","+03:00","false",
"Programming","Competitive programming ","2026-04-01","20:23:33","22:13:44","01:50:11","+03:00","false","false"
"Programming","Competitive programming ","2026-04-01","22:19:41","22:59:10","00:39:29","+03:00","false","false"
"Programming","Competitive programming ","2026-04-02","09:17:22","10:38:22","01:21:00","+03:00","false","false"
"Programming","Macro plac3","2026-04-02","11:36:11","13:54:12","02:18:01","+03:00","false","false"
"Programming","Competitive programming ","2026-04-02","15:30:35","16:03:10","00:32:35","+03:00","false","false"
"Work","BREAKA-259","2026-04-02","16:03:17","16:18:50","00:15:33","+03:00","false","false"
"Work","BREAKA-259","2026-04-02","16:55:09","17:42:59","00:47:50","+03:00","false","false"
"Programming","Competitive programming ","2026-04-02","18:03:06","19:27:59","01:24:53","+03:00","false","false"
"Programming","Macro plac3","2026-04-02","20:21:32","20:39:33","00:18:01","+03:00","false","false"
"Programming","Competitive programming ","2026-04-02","22:20:16","22:37:15","00:16:59","+03:00","false","false"
"Work","SKIN-1930","2026-04-03","09:13:38","09:52:00","00:38:22","+03:00","false","false"
"Work","BREAKA-259","2026-04-03","09:52:02","10:14:48","00:22:46","+03:00","false","false"
"Work","Meeting","2026-04-03","10:14:51","10:21:52","00:07:01","+03:00","false","false"
"Programming",,"2026-04-03","11:37:52","11:45:05","00:07:13","+03:00","false",
"Programming","Competitive programming ","2026-04-03","11:45:07","12:50:48","01:05:41","+03:00","false","false"
"Programming","Competitive programming ","2026-04-03","13:33:19","13:38:23","00:05:04","+03:00","false","false"
"Programming",,"2026-04-03","13:38:17","13:38:18","00:00:01","+03:00","false",
"Work","BREAKA-259","2026-04-03","14:51:16","15:57:19","01:06:03","+03:00","false","false"
"Programming","Competitive programming ","2026-04-03","16:03:03","16:27:21","00:24:18","+03:00","false","false"
"Work","BREAKA-259","2026-04-03","16:38:23","16:38:25","00:00:02","+03:00","false","false"
"Programming","Competitive programming ","2026-04-03","16:38:26","16:46:27","00:08:01","+03:00","false","false"
"Programming",,"2026-04-03","18:41:51","18:41:52","00:00:01","+03:00","false",
"Programming","Competitive programming ","2026-04-03","18:41:53","19:07:52","00:25:59","+03:00","false","false"
"Programming","Competitive programming ","2026-04-03","19:52:11","20:24:45","00:32:34","+03:00","false","false"
"Programming","Competitive programming ","2026-04-04","10:57:17","11:18:57","00:21:40","+03:00","false","false"
"Programming","Competitive programming ","2026-04-04","12:01:50","12:05:48","00:03:58","+03:00","false","false"
"Programming","Competitive programming ","2026-04-04","12:09:35","13:24:49","01:15:14","+03:00","false","false"
"Programming","Competitive programming ","2026-04-04","13:51:41","14:30:28","00:38:47","+03:00","false","false"
"Programming","Competitive programming ","2026-04-04","14:48:44","15:07:07","00:18:23","+03:00","false","false"
"Programming","Competitive programming ","2026-04-04","17:33:37","19:04:00","01:30:23","+03:00","false","false"
"Programming","Competitive programming ","2026-04-04","19:11:04","19:44:51","00:33:47","+03:00","false","false"
"General CS","Networking","2026-04-05","10:41:38","11:11:11","00:29:33","+03:00","false","false"
"General CS","Networking","2026-04-05","11:36:51","11:58:08","00:21:17","+03:00","false","false"
"Programming","Competitive programming ","2026-04-05","15:53:08","17:33:39","01:40:31","+03:00","false","false"
"Programming","Competitive programming ","2026-04-05","19:29:05","19:47:05","00:18:00","+03:00","false","false"
"Programming","Competitive programming ","2026-04-06","09:24:13","10:03:21","00:39:08","+03:00","false","false"
"Work","Meeting","2026-04-06","10:03:24","10:13:38","00:10:14","+03:00","false","false"
"Programming","Competitive programming ","2026-04-06","11:06:07","12:08:33","01:02:26","+03:00","false","false"
"Programming","Competitive programming ","2026-04-06","13:10:54","14:21:09","01:10:15","+03:00","false","false"
"Programming",,"2026-04-06","14:53:36","18:57:37","04:04:01","+03:00","false",
"Programming",,"2026-04-06","19:34:09","19:46:21","00:12:12","+03:00","false",
"Programming",,"2026-04-06","20:03:33","20:36:34","00:33:01","+03:00","false",
"Programming",,"2026-04-06","21:02:21","22:18:12","01:15:51","+03:00","false",
"General CS","Networking","2026-04-07","08:25:40","09:58:19","01:32:39","+03:00","false","false"
"General CS","Networking","2026-04-07","10:22:01","10:42:08","00:20:07","+03:00","false","false"
"Programming","Competitive programming ","2026-04-07","11:44:00","12:05:02","00:21:02","+03:00","false","false"
"Programming","Competitive programming ","2026-04-07","13:06:02","13:15:41","00:09:39","+03:00","false","false"
"Programming",,"2026-04-07","15:37:35","16:23:42","00:46:07","+03:00","false",
"Programming",,"2026-04-07","16:38:11","17:00:05","00:21:54","+03:00","false",
"Programming","Competitive programming ","2026-04-07","18:15:21","19:12:28","00:57:07","+03:00","false","false"
"General CS",,"2026-04-07","20:01:03","20:24:12","00:23:09","+03:00","false",
"Work","SCHOCH-1552","2026-04-08","09:29:22","09:36:50","00:07:28","+03:00","false","false"
"Work","Meeting","2026-04-08","10:00:45","10:30:51","00:30:06","+03:00","false","false"
"Programming","Competitive programming ","2026-04-08","11:16:46","12:40:19","01:23:33","+03:00","false","false"
"Programming","Competitive programming ","2026-04-08","13:44:54","14:00:05","00:15:11","+03:00","false","false"
"Programming","Competitive programming ","2026-04-08","14:00:10","14:21:22","00:21:12","+03:00","false","false"
"Programming",,"2026-04-08","14:21:24","17:27:07","03:05:43","+03:00","false",
"Programming",,"2026-04-08","18:30:59","18:47:08","00:16:09","+03:00","false",
"Programming","Competitive programming ","2026-04-08","20:35:32","21:04:32","00:29:00","+03:00","false","false"
"Work","SCHOCH-1552","2026-04-09","08:22:14","09:00:21","00:38:07","+03:00","false","false"
"Work","BREAKA-264","2026-04-09","09:00:32","09:44:59","00:44:27","+03:00","false","false"
"Work","Meeting","2026-04-09","10:01:59","10:36:56","00:34:57","+03:00","false","false"
"Work",,"2026-04-09","10:11:56","10:11:57","00:00:01","+03:00","false",
"Programming",,"2026-04-09","11:01:22","11:46:34","00:45:12","+03:00","false",
"Programming","Competitive programming ","2026-04-09","13:44:40","15:01:54","01:17:14","+03:00","false","false"
"Programming","Competitive programming ","2026-04-09","15:45:02","16:03:11","00:18:09","+03:00","false","false"
"Programming","Competitive programming ","2026-04-09","16:53:57","17:47:49","00:53:52","+03:00","false","false"
"Programming","Competitive programming ","2026-04-09","18:10:28","18:29:47","00:19:19","+03:00","false","false"
"Programming","Competitive programming ","2026-04-09","20:39:37","21:09:10","00:29:33","+03:00","false","false"
"Work","BREAKA-264","2026-04-10","09:07:32","09:17:37","00:10:05","+03:00","false","false"
"Work","SCHOCH-1553","2026-04-10","09:24:05","10:03:52","00:39:47","+03:00","false","false"
"Work","Meeting","2026-04-10","10:03:56","10:28:22","00:24:26","+03:00","false","false"
"Programming","Competitive programming ","2026-04-10","11:41:51","12:59:26","01:17:35","+03:00","false","false"
"Programming","Competitive programming ","2026-04-10","13:04:12","13:14:17","00:10:05","+03:00","false","false"
"Programming","Competitive programming ","2026-04-10","13:24:15","13:34:19","00:10:04","+03:00","false","false"
"Programming","Competitive programming ","2026-04-10","13:55:42","14:05:54","00:10:12","+03:00","false","false"
"Programming","Competitive programming ","2026-04-10","14:03:54","14:13:58","00:10:04","+03:00","false","false"
"Programming","Competitive programming ","2026-04-10","14:35:30","14:44:29","00:08:59","+03:00","false","false"
"Programming","Competitive programming ","2026-04-10","16:34:07","16:36:26","00:02:19","+03:00","false","false"
"Programming","Competitive programming ","2026-04-10","16:38:59","16:43:57","00:04:58","+03:00","false","false"
"Programming","Competitive programming ","2026-04-10","16:53:54","17:03:58","00:10:04","+03:00","false","false"
"Programming","Competitive programming ","2026-04-10","20:47:13","21:20:51","00:33:38","+03:00","false","false"
"Programming","Competitive programming ","2026-04-11","09:38:13","09:48:17","00:10:04","+03:00","false","false"
"General CS",,"2026-04-11","10:09:05","11:17:32","01:08:27","+03:00","false",
"Programming","Competitive programming ","2026-04-11","11:34:39","13:20:15","01:45:36","+03:00","false","false"
"Programming","Competitive programming ","2026-04-11","15:03:40","15:47:49","00:44:09","+03:00","false","false"
"Programming","Competitive programming ","2026-04-11","17:36:24","18:16:31","00:40:07","+03:00","false","false"
"Programming","Competitive programming ","2026-04-12","11:23:08","12:54:19","01:31:11","+03:00","false","false"
"Programming","Competitive programming ","2026-04-12","13:19:28","13:30:33","00:11:05","+03:00","false","false"
"Programming","Competitive programming ","2026-04-12","13:42:49","13:51:59","00:09:10","+03:00","false","false"
"Programming","Competitive programming ","2026-04-12","16:13:22","17:04:14","00:50:52","+03:00","false","false"
"Programming","Competitive programming ","2026-04-12","17:55:02","17:55:03","00:00:01","+03:00","false","false"
"Programming","Competitive programming ","2026-04-13","10:12:48","10:12:54","00:00:06","+03:00","false","false"
"Programming","Competitive programming ","2026-04-13","10:13:22","10:27:42","00:14:20","+03:00","false","false"
"Programming","Competitive programming ","2026-04-13","10:36:43","12:22:24","01:45:41","+03:00","false","false"
"Programming","Competitive programming ","2026-04-13","12:23:26","13:02:00","00:38:34","+03:00","false","false"
"Programming","Competitive programming ","2026-04-13","14:23:16","15:35:33","01:12:17","+03:00","false","false"
"Programming","Competitive programming ","2026-04-13","18:26:24","19:11:13","00:44:49","+03:00","false","false"
"Programming","Competitive programming ","2026-04-13","19:13:15","20:13:38","01:00:23","+03:00","false","false"
"Programming","Competitive programming ","2026-04-13","20:25:50","20:52:15","00:26:25","+03:00","false","false"
"Work","SCHOCH-1553","2026-04-14","09:37:15","10:04:09","00:26:54","+03:00","false","false"
"Work","Meeting","2026-04-14","10:04:11","10:21:13","00:17:02","+03:00","false","false"
"Work","KLOTZ-618","2026-04-14","10:21:23","11:45:23","01:24:00","+03:00","false","false"
"Work","SCHOCH-1534","2026-04-14","11:52:29","12:38:52","00:46:23","+03:00","false","false"
"Work","SCHOCH-1553","2026-04-14","11:57:23","11:57:25","00:00:02","+03:00","false","false"
"Work","SCHOCH-1534","2026-04-14","12:45:37","13:09:19","00:23:42","+03:00","false","false"
"Programming","Competitive programming ","2026-04-14","19:22:32","19:48:48","00:26:16","+03:00","false","false"
"Programming","Competitive programming ","2026-04-14","20:35:19","21:21:40","00:46:21","+03:00","false","false"
"Work","SCHOCH-1553","2026-04-15","09:33:03","10:03:12","00:30:09","+03:00","false","false"
"Work","Meeting","2026-04-15","10:03:15","10:21:13","00:17:58","+03:00","false","false"
"Work","SCHOCH-1553","2026-04-15","10:21:21","11:03:00","00:41:39","+03:00","false","false"
"Work","SCHOCH-1559","2026-04-15","11:04:44","11:04:50","00:00:06","+03:00","false","false"
"Work","SCHOCH-1534","2026-04-15","11:04:53","11:23:56","00:19:03","+03:00","false","false"
"Work","SCHOCH-1534","2026-04-15","11:28:50","11:40:41","00:11:51","+03:00","false","false"
"Work","SCHOCH-1559","2026-04-15","11:40:45","13:37:04","01:56:19","+03:00","false","false"
"Work","SCHOCH-1553","2026-04-15","14:30:42","14:54:12","00:23:30","+03:00","false","false"
"Programming","Competitive programming ","2026-04-15","21:18:34","22:50:30","01:31:56","+03:00","false","false"
"Work","Meeting","2026-04-16","10:01:49","10:59:14","00:57:25","+03:00","false","false"
"Programming","Competitive programming ","2026-04-16","11:49:29","12:19:49","00:30:20","+03:00","false","false"
"Programming","Competitive programming ","2026-04-16","12:40:32","13:50:33","01:10:01","+03:00","false","false"
"Work","SCHOCH-1562","2026-04-16","14:41:00","17:01:54","02:20:54","+03:00","false","false"
"Programming","Competitive programming ","2026-04-16","21:59:26","22:51:44","00:52:18","+03:00","false","false"
"Work","Meeting","2026-04-17","10:00:54","10:35:58","00:35:04","+03:00","false","false"
"Programming","Competitive programming ","2026-04-17","10:49:06","11:43:35","00:54:29","+03:00","false","false"
"Work",,"2026-04-17","11:43:41","12:08:45","00:25:04","+03:00","false",
"Programming","Competitive programming ","2026-04-17","12:09:00","13:23:27","01:14:27","+03:00","false","false"
"Programming","Competitive programming ","2026-04-17","14:22:04","16:12:55","01:50:51","+03:00","false","false"
"Programming","Competitive programming ","2026-04-17","19:13:41","20:30:28","01:16:47","+03:00","false","false"
"Programming","Competitive programming ","2026-04-18","11:29:45","11:35:43","00:05:58","+03:00","false","false"
"Programming","Competitive programming ","2026-04-18","11:43:26","13:43:03","01:59:37","+03:00","false","false"
"Programming","Competitive programming ","2026-04-18","14:22:43","15:58:51","01:36:08","+03:00","false","false"
"Programming","Competitive programming ","2026-04-18","21:06:45","22:32:36","01:25:51","+03:00","false","false"
"Programming","Competitive programming ","2026-04-19","10:30:38","11:42:37","01:11:59","+03:00","false","false"
"Programming","Competitive programming ","2026-04-19","18:43:26","20:51:00","02:07:34","+03:00","false","false"
"Programming","Competitive programming ","2026-04-19","21:04:17","21:23:26","00:19:09","+03:00","false","false"
"Programming","Competitive programming ","2026-04-19","21:36:53","22:24:56","00:48:03","+03:00","false","false"
"Programming","Competitive programming ","2026-04-20","10:10:43","10:31:12","00:20:29","+03:00","false","false"
"Programming","Competitive programming ","2026-04-20","10:41:41","13:12:50","02:31:09","+03:00","false","false"
"Programming","Competitive programming ","2026-04-20","13:14:47","13:41:30","00:26:43","+03:00","false","false"
"Programming","Competitive programming ","2026-04-20","13:51:01","14:01:06","00:10:05","+03:00","false","false"
"Programming","Competitive programming ","2026-04-20","15:18:00","15:36:19","00:18:19","+03:00","false","false"
"Programming","Competitive programming ","2026-04-20","16:08:48","17:10:00","01:01:12","+03:00","false","false"
"Programming","Competitive programming ","2026-04-20","17:43:17","17:59:05","00:15:48","+03:00","false","false"
"Programming","Competitive programming ","2026-04-20","18:00:55","18:36:20","00:35:25","+03:00","false","false"
"Work","SCHOCH-1562","2026-04-20","19:42:38","22:46:43","03:04:05","+03:00","false","false"
"Work","Meeting","2026-04-21","10:00:24","10:15:34","00:15:10","+03:00","false","false"
"General CS","Networking","2026-04-21","10:17:57","11:08:03","00:50:06","+03:00","false","false"
"General CS","Networking","2026-04-21","12:04:29","12:14:47","00:10:18","+03:00","false","false"
"Programming",,"2026-04-21","12:14:51","12:31:15","00:16:24","+03:00","false",
"Programming","Competitive programming ","2026-04-21","12:31:57","12:44:31","00:12:34","+03:00","false","false"
"General CS","Networking","2026-04-21","12:44:31","12:44:34","00:00:03","+03:00","false","false"
"Programming","Competitive programming ","2026-04-21","12:44:34","13:06:07","00:21:33","+03:00","false","false"
"Programming","Competitive programming ","2026-04-21","14:52:29","15:47:06","00:54:37","+03:00","false","false"
"Programming","Competitive programming ","2026-04-21","17:13:41","17:57:25","00:43:44","+03:00","false","false"
"Programming","Competitive programming ","2026-04-21","18:22:41","18:22:42","00:00:01","+03:00","false","false"
"Work","SCHOCH-1565","2026-04-21","18:22:46","18:37:22","00:14:36","+03:00","false","false"
"Work","SCHOCH-1565","2026-04-21","18:37:47","18:42:50","00:05:03","+03:00","false","false"
"Work","SCHOCH-1565","2026-04-21","18:42:50","18:42:51","00:00:01","+03:00","false","false"
"Programming","Competitive programming ","2026-04-21","18:42:52","18:50:09","00:07:17","+03:00","false","false"
"Work","SCHOCH-1565","2026-04-21","18:57:15","19:26:38","00:29:23","+03:00","false","false"
"Work","SCHOCH-1562","2026-04-21","19:32:33","20:10:50","00:38:17","+03:00","false","false"
"General CS","Networking","2026-04-21","20:41:53","21:27:02","00:45:09","+03:00","false","false"
"Work","SCHOCH-1562","2026-04-22","09:25:42","10:00:12","00:34:30","+03:00","false","false"
"Programming","Competitive programming ","2026-04-22","13:59:16","14:34:27","00:35:11","+03:00","false","false"
"Programming","Competitive programming ","2026-04-22","15:06:53","15:56:54","00:50:01","+03:00","false","false"
"Work","Release-v1.8","2026-04-22","16:44:29","18:15:12","01:30:43","+03:00","false","false"
"Programming","Competitive programming ","2026-04-22","18:21:29","18:35:31","00:14:02","+03:00","false","false"
"Work","SCHOCH-1562","2026-04-22","18:35:31","18:43:51","00:08:20","+03:00","false","false"
"Programming","Competitive programming ","2026-04-22","18:43:52","18:52:07","00:08:15","+03:00","false","false"
"Programming","Competitive programming ","2026-04-22","19:04:26","19:23:06","00:18:40","+03:00","false","false"
"Work","Meeting","2026-04-23","10:04:00","10:51:54","00:47:54","+03:00","false","false"
"Programming","Competitive programming ","2026-04-23","12:09:25","13:02:33","00:53:08","+03:00","false","false"
"Work",,"2026-04-23","13:12:54","13:22:59","00:10:05","+03:00","false",
"Programming","Competitive programming ","2026-04-23","13:23:00","14:52:56","01:29:56","+03:00","false","false"
"Programming","Competitive programming ","2026-04-23","15:06:00","15:45:36","00:39:36","+03:00","false","false"
"Work","SCHOCH-1567","2026-04-23","16:27:12","17:39:05","01:11:53","+03:00","false","false"
"Work","SCHOCH-1567","2026-04-23","16:37:10","16:37:11","00:00:01","+03:00","false","false"
"Work","SCHOCH-1567","2026-04-23","18:47:13","18:47:14","00:00:01","+03:00","false","false"
"Programming","Competitive programming ","2026-04-23","18:47:16","21:03:48","02:16:32","+03:00","false","false"
"Programming","Competitive programming ","2026-04-24","09:29:14","09:54:40","00:25:26","+03:00","false","false"
"Work","Meeting","2026-04-24","10:02:28","10:22:42","00:20:14","+03:00","false","false"
"Programming","Competitive programming ","2026-04-24","14:50:17","16:20:00","01:29:43","+03:00","false","false"
"Programming","Competitive programming ","2026-04-24","16:39:43","16:54:51","00:15:08","+03:00","false","false"
"Programming","Competitive programming ","2026-04-24","21:50:37","22:35:06","00:44:29","+03:00","false","false"
"Programming","Competitive programming ","2026-04-25","10:13:35","10:19:19","00:05:44","+03:00","false","false"
"Programming","Competitive programming ","2026-04-25","10:47:51","11:11:03","00:23:12","+03:00","false","false"
"Programming","Competitive programming ","2026-04-25","11:57:11","12:07:21","00:10:10","+03:00","false","false"
"Programming","Competitive programming ","2026-04-25","15:52:36","16:40:16","00:47:40","+03:00","false","false"
"Programming","Competitive programming ","2026-04-25","17:33:19","19:41:19","02:08:00","+03:00","false","false"
"Programming","Competitive programming ","2026-04-25","19:48:11","20:34:13","00:46:02","+03:00","false","false"
"Programming","Competitive programming ","2026-04-26","10:27:28","12:57:43","02:30:15","+03:00","false","false"
"Programming","Competitive programming ","2026-04-26","19:29:53","20:01:45","00:31:52","+03:00","false","false"
"Work","SKIN-1946","2026-04-27","09:06:58","09:24:30","00:17:32","+03:00","false","false"
"Programming","Competitive programming ","2026-04-27","09:24:31","09:37:46","00:13:15","+03:00","false","false"
"Programming",,"2026-04-27","09:37:47","10:08:22","00:30:35","+03:00","false",
"Work","Meeting","2026-04-27","10:08:25","10:24:49","00:16:24","+03:00","false","false"
"Programming","Competitive programming ","2026-04-27","11:52:54","12:48:56","00:56:02","+03:00","false","false"
"Programming","Competitive programming ","2026-04-27","16:32:38","18:44:13","02:11:35","+03:00","false","false"
"Work","SCHOCH-1569","2026-04-27","20:30:50","21:49:28","01:18:38","+03:00","false","false"
"Work","SCHOCH-1572","2026-04-27","21:39:43","21:58:27","00:18:44","+03:00","false","false"
"Work","Meeting","2026-04-28","10:00:17","10:52:08","00:51:51","+03:00","false","false"
"Programming",,"2026-04-28","10:52:10","11:53:29","01:01:19","+03:00","false",
"Work","SCHOCH-1572","2026-04-28","14:29:56","14:29:58","00:00:02","+03:00","false","false"
"Work","SCHOCH-1571","2026-04-28","14:34:42","14:42:11","00:07:29","+03:00","false","false"
"Work","SCHOCH-1569","2026-04-28","14:43:05","15:05:39","00:22:34","+03:00","false","false"
"Programming","Competitive programming ","2026-04-28","17:31:55","19:55:19","02:23:24","+03:00","false","false"
"Programming","Competitive programming ","2026-04-28","21:12:33","21:31:43","00:19:10","+03:00","false","false"
"Work","SCHOCH-1569","2026-04-29","09:02:13","09:43:32","00:41:19","+03:00","false","false"
"Programming","Competitive programming ","2026-04-29","09:43:40","09:54:52","00:11:12","+03:00","false","false"
"Work","Meeting","2026-04-29","10:01:05","10:23:01","00:21:56","+03:00","false","false"
"Programming","Competitive programming ","2026-04-29","12:32:18","13:02:20","00:30:02","+03:00","false","false"
"Programming","Competitive programming ","2026-04-29","13:35:28","14:41:45","01:06:17","+03:00","false","false"
"Programming","Competitive programming ","2026-04-29","15:15:29","15:30:42","00:15:13","+03:00","false","false"
"Programming","Competitive programming ","2026-04-29","18:28:07","19:14:03","00:45:56","+03:00","false","false"
"Programming","Competitive programming ","2026-04-29","19:14:53","20:10:43","00:55:50","+03:00","false","false"
"Work","SKIN-1946","2026-04-29","20:40:17","21:03:45","00:23:28","+03:00","false","false"
"Work","PollyShell","2026-04-29","21:05:05","21:40:13","00:35:08","+03:00","false","false"
"General CS",,"2026-04-30","09:16:43","10:20:26","01:03:43","+03:00","false",
"Work","Meeting","2026-04-30","10:20:28","10:38:58","00:18:30","+03:00","false","false"
"Work","SCHOCH-1569","2026-04-30","11:08:21","12:06:15","00:57:54","+03:00","false","false"
"Programming","Competitive programming ","2026-04-30","17:33:30","20:47:05","03:13:35","+03:00","false","false"
"Programming","Competitive programming ","2026-05-01","14:42:40","14:52:37","00:09:57","+03:00","false","false"
"Programming","Competitive programming ","2026-05-01","15:50:52","16:20:14","00:29:22","+03:00","false","false"
"Programming","Competitive programming ","2026-05-01","21:17:58","22:17:01","00:59:03","+03:00","false","false"
"Programming","Competitive programming ","2026-05-02","10:16:42","12:24:45","02:08:03","+03:00","false","false"
"Programming","Competitive programming ","2026-05-02","16:07:38","16:40:28","00:32:50","+03:00","false","false"
"Programming","Competitive programming ","2026-05-03","10:53:51","12:12:47","01:18:56","+03:00","false","false"
"General CS","C++","2026-05-03","13:11:14","13:50:19","00:39:05","+03:00","false","false"
"General CS","C++","2026-05-03","14:16:01","14:50:05","00:34:04","+03:00","false","false"
"General CS","C++","2026-05-03","15:59:38","15:59:39","00:00:01","+03:00","false","false"
"Programming","Competitive programming ","2026-05-03","16:35:49","17:31:30","00:55:41","+03:00","false","false"
"Programming","Competitive programming ","2026-05-03","17:42:51","18:19:44","00:36:53","+03:00","false","false"
"Work","SCHOCH-1569","2026-05-04","08:51:48","10:42:39","01:50:51","+03:00","false","false"
"Programming","Infra","2026-05-04","12:13:18","13:08:23","00:55:05","+03:00","false","false"
"Programming","Os","2026-05-04","13:54:36","14:22:40","00:28:04","+03:00","false","false"
"Programming","Competitive programming ","2026-05-04","15:45:44","17:05:45","01:20:01","+03:00","false","false"
"Programming","Competitive programming ","2026-05-04","17:15:47","18:06:14","00:50:27","+03:00","false","false"
"Work","SCHOCH-1569","2026-05-04","20:03:46","20:05:08","00:01:22","+03:00","false","false"
"Work","SCHOCH-1575","2026-05-04","20:07:59","20:18:38","00:10:39","+03:00","false","false"
"Work","SCHOCH-1575","2026-05-05","08:58:16","09:28:27","00:30:11","+03:00","false","false"
"Work","SCHOCH-1575","2026-05-05","09:34:02","09:59:03","00:25:01","+03:00","false","false"
"Work","Meeting","2026-05-05","09:59:06","10:17:38","00:18:32","+03:00","false","false"
"Programming","Competitive programming ","2026-05-05","10:55:07","13:02:21","02:07:14","+03:00","false","false"
"Programming","Competitive programming ","2026-05-05","13:08:47","13:35:32","00:26:45","+03:00","false","false"
"Programming","Competitive programming ","2026-05-05","13:43:54","13:54:13","00:10:19","+03:00","false","false"
"Programming","Infra","2026-05-05","15:21:04","19:55:34","04:34:30","+03:00","false","false"
"Work","Meeting","2026-05-06","10:03:15","10:23:36","00:20:21","+03:00","false","false"
"General CS","C++","2026-05-06","12:19:07","12:35:47","00:16:40","+03:00","false","false"
"Programming","Competitive programming ","2026-05-06","13:40:09","15:13:44","01:33:35","+03:00","false","false"
"Programming","Competitive programming ","2026-05-06","17:56:08","18:41:46","00:45:38","+03:00","false","false"
"General CS","C++","2026-05-06","18:55:56","19:13:20","00:17:24","+03:00","false","false"
"Programming","Trading Infrastructure","2026-05-06","19:13:41","19:13:42","00:00:01","+03:00","false","false"
"Work",,"2026-05-06","21:06:58","21:36:19","00:29:21","+03:00","false",
"General CS",,"2026-05-07","08:24:43","09:50:08","01:25:25","+03:00","false",
"Work","SCHOCH-1577","2026-05-07","09:50:24","10:16:04","00:25:40","+03:00","false","false"
"General CS",,"2026-05-07","10:16:05","11:59:01","01:42:56","+03:00","false",
"Work",,"2026-05-07","16:26:34","17:34:46","01:08:12","+03:00","false",
"Programming","Trading Infrastructure","2026-05-07","17:40:06","17:40:07","00:00:01","+03:00","false","false"
"Programming","Competitive programming ","2026-05-07","17:40:09","18:37:26","00:57:17","+03:00","false","false"
"Programming","Competitive programming ","2026-05-07","18:55:10","19:38:38","00:43:28","+03:00","false","false"
"Programming","Competitive programming ","2026-05-07","19:59:39","20:22:10","00:22:31","+03:00","false","false"
"General CS",,"2026-05-07","20:22:15","20:43:00","00:20:45","+03:00","false",
"General CS",,"2026-05-07","20:57:29","23:49:59","02:52:30","+03:00","false",
"Programming","Competitive programming ","2026-05-08","10:51:55","11:14:48","00:22:53","+03:00","false","false"
"Programming","Competitive programming ","2026-05-08","11:24:46","12:31:16","01:06:30","+03:00","false","false"
"Programming","Competitive programming ","2026-05-08","14:10:17","14:56:15","00:45:58","+03:00","false","false"
"Programming","Competitive programming ","2026-05-08","15:02:30","15:03:14","00:00:44","+03:00","false","false"
"Programming","Competitive programming ","2026-05-08","15:05:04","16:30:59","01:25:55","+03:00","false","false"
"Programming","Competitive programming ","2026-05-08","16:57:38","17:04:30","00:06:52","+03:00","false","false"
"Programming","Competitive programming ","2026-05-08","17:18:02","17:49:48","00:31:46","+03:00","false","false"
"Programming","Competitive programming ","2026-05-09","08:31:57","09:35:14","01:03:17","+03:00","false","false"
"Programming","Competitive programming ","2026-05-09","09:53:34","10:23:34","00:30:00","+03:00","false","false"
"Programming","SPMC Queue","2026-05-09","10:39:17","11:04:23","00:25:06","+03:00","false","false"
"Work","BREAKA-266","2026-05-09","15:51:55","15:52:44","00:00:49","+03:00","false","false"
"Work","BREAKA-266","2026-05-09","15:53:22","16:35:25","00:42:03","+03:00","false","false"
"Work","BREAKA-266","2026-05-09","16:44:53","16:49:58","00:05:05","+03:00","false","false"
"Programming","Competitive programming ","2026-05-09","17:40:49","18:51:05","01:10:16","+03:00","false","false"
"General CS",,"2026-05-09","20:48:28","21:12:03","00:23:35","+03:00","false",
"Programming","Competitive programming ","2026-05-10","10:26:46","11:41:44","01:14:58","+03:00","false","false"
"Programming","Competitive programming ","2026-05-10","11:51:19","12:19:46","00:28:27","+03:00","false","false"
"General CS","Networking","2026-05-10","12:58:44","13:31:02","00:32:18","+03:00","false","false"
"General CS","Networking","2026-05-10","13:35:52","13:58:39","00:22:47","+03:00","false","false"
"Work","SCHOCH-1580","2026-05-10","16:23:22","16:54:51","00:31:29","+03:00","false","false"
"General CS","Networking","2026-05-10","19:10:07","20:32:11","01:22:04","+03:00","false","false"
"Work","SCHOCH-1580","2026-05-11","09:28:58","10:31:22","01:02:24","+03:00","false","false"
"Programming","Competitive programming ","2026-05-11","11:10:07","12:15:25","01:05:18","+03:00","false","false"
"Work","SCHOCH-1580","2026-05-11","13:28:57","13:29:04","00:00:07","+03:00","false","false"
"Work","Fpc fixes","2026-05-11","13:29:11","17:33:08","04:03:57","+03:00","false","false"
"Work","Fpc fixes","2026-05-11","20:53:22","22:20:24","01:27:02","+03:00","false","false"
"Programming","Competitive programming ","2026-05-11","22:20:25","23:01:17","00:40:52","+03:00","false","false"
"Work","Fpc fixes","2026-05-12","08:49:38","09:59:43","01:10:05","+03:00","false","false"
"Work","Meeting","2026-05-12","09:59:50","10:29:54","00:30:04","+03:00","false","false"
"Work","Fpc fixes","2026-05-12","11:36:55","11:47:50","00:10:55","+03:00","false","false"
"Work","Fpc fixes","2026-05-12","12:20:13","12:35:22","00:15:09","+03:00","false","false"
"Work","Fpc fixes","2026-05-12","13:11:48","13:41:56","00:30:08","+03:00","false","false"
"Work","Fpc fixes","2026-05-12","16:59:17","20:05:36","03:06:19","+03:00","false","false"
"General CS",,"2026-05-12","20:21:14","22:50:00","02:28:46","+03:00","false",
"Programming","Competitive programming ","2026-05-12","22:55:24","23:03:06","00:07:42","+03:00","false","false"
"Work","Fpc fixes","2026-05-13","08:46:54","09:21:59","00:35:05","+03:00","false","false"
"Work","Fpc fixes","2026-05-13","09:30:45","10:03:17","00:32:32","+03:00","false","false"
"Work","Meeting","2026-05-13","10:03:19","10:42:00","00:38:41","+03:00","false","false"
"Work","Fpc fixes","2026-05-13","10:32:02","12:35:01","02:02:59","+03:00","false","false"
"General CS",,"2026-05-13","13:29:40","14:39:48","01:10:08","+03:00","false",
"Work","SCHOCH-1579","2026-05-13","15:40:32","16:35:49","00:55:17","+03:00","false","false"
"Work","SCHOCH-1579","2026-05-13","21:07:47","21:07:48","00:00:01","+03:00","false","false"
"Programming","Competitive programming ","2026-05-13","21:07:50","22:13:04","01:05:14","+03:00","false","false"
"Work","Fpc fixes","2026-05-13","22:03:15","22:13:23","00:10:08","+03:00","false","false"
"Work","SCHOCH-1579","2026-05-13","22:13:25","22:29:22","00:15:57","+03:00","false","false"
"Work","Fpc fixes","2026-05-14","09:21:42","09:41:46","00:20:04","+03:00","false","false"
"Work","SCHOCH-1579","2026-05-14","09:41:38","09:41:39","00:00:01","+03:00","false","false"
"Work","BREAKA-266","2026-05-14","09:41:53","10:03:43","00:21:50","+03:00","false","false"
"Work","Meeting","2026-05-14","10:04:04","10:58:40","00:54:36","+03:00","false","false"
"Work","Fpc fixes","2026-05-14","16:52:10","17:22:52","00:30:42","+03:00","false","false"
"Programming","Competitive programming ","2026-05-14","18:19:10","18:43:15","00:24:05","+03:00","false","false"
"Programming","Competitive programming ","2026-05-14","22:11:14","23:19:24","01:08:10","+03:00","false","false"
"General CS",,"2026-05-15","13:04:53","14:30:16","01:25:23","+03:00","false",
"Programming","Competitive programming ","2026-05-15","18:25:50","19:28:33","01:02:43","+03:00","false","false"
"Work",,"2026-05-15","19:28:46","19:32:15","00:03:29","+03:00","false",
"Programming","Competitive programming ","2026-05-16","09:45:39","11:21:30","01:35:51","+03:00","false","false"
"Programming","RAFT","2026-05-16","11:21:35","11:40:45","00:19:10","+03:00","false","false"
"Programming","RAFT","2026-05-16","12:10:04","12:14:14","00:04:10","+03:00","false","false"
"General CS",,"2026-05-16","13:04:14","13:39:06","00:34:52","+03:00","false",
"Programming","Competitive programming ","2026-05-16","14:50:02","15:53:36","01:03:34","+03:00","false","false"
"Programming","Competitive programming ","2026-05-16","16:03:44","17:12:58","01:09:14","+03:00","false","false"
"Programming","RAFT","2026-05-16","18:51:26","19:35:36","00:44:10","+03:00","false","false"
"General CS",,"2026-05-17","12:05:53","14:08:40","02:02:47","+03:00","false",
"General CS",,"2026-05-17","14:34:31","15:15:23","00:40:52","+03:00","false",
"Programming","Competitive programming ","2026-05-17","15:52:38","17:17:17","01:24:39","+03:00","false","false"
"Programming","Competitive programming ","2026-05-17","20:08:14","20:17:49","00:09:35","+03:00","false","false"
"Programming","Competitive programming ","2026-05-17","20:35:46","21:16:06","00:40:20","+03:00","false","false"
"Programming","RAFT","2026-05-18","10:23:29","11:01:56","00:38:27","+03:00","false","false"
"Programming","RAFT","2026-05-18","13:39:46","14:55:02","01:15:16","+03:00","false","false"
"Programming","Competitive programming ","2026-05-18","15:45:07","17:12:51","01:27:44","+03:00","false","false"
"Programming","Trading Infrastructure","2026-05-18","17:52:51","17:52:52","00:00:01","+03:00","false","false"
"Programming","Infra","2026-05-18","17:52:54","19:12:11","01:19:17","+03:00","false","false"
"Programming","Infra","2026-05-18","19:56:04","20:20:52","00:24:48","+03:00","false","false"
"Programming","Infra","2026-05-18","20:54:49","21:09:02","00:14:13","+03:00","false","false"
"General CS",,"2026-05-19","09:26:06","09:41:36","00:15:30","+03:00","false",
"Work","Meeting","2026-05-19","10:02:25","10:43:43","00:41:18","+03:00","false","false"
"Programming","Competitive programming ","2026-05-19","11:31:58","12:58:43","01:26:45","+03:00","false","false"
"Programming","Infra","2026-05-19","13:11:22","14:50:06","01:38:44","+03:00","false","false"
"Programming","Infra","2026-05-19","15:00:53","15:07:33","00:06:40","+03:00","false","false"
"Programming","Competitive programming ","2026-05-19","18:18:00","19:24:40","01:06:40","+03:00","false","false"
"Work","STEFANI-158","2026-05-19","20:41:35","21:49:59","01:08:24","+03:00","false","false"
"Programming","Competitive programming ","2026-05-20","11:52:33","14:02:04","02:09:31","+03:00","false","false"
"Programming","Competitive programming ","2026-05-20","17:18:08","18:25:07","01:06:59","+03:00","false","false"
"Programming","Competitive programming ","2026-05-20","18:33:46","18:35:44","00:01:58","+03:00","false","false"
"Programming","Competitive programming ","2026-05-20","18:52:58","20:20:22","01:27:24","+03:00","false","false"
"Work","STEFANI-158","2026-05-21","08:20:50","09:13:18","00:52:28","+03:00","false","false"
"Programming","Competitive programming ","2026-05-21","11:21:04","11:46:15","00:25:11","+03:00","false","false"
"Programming","CUDA","2026-05-21","11:45:59","11:46:01","00:00:02","+03:00","false","false"
"Programming",,"2026-05-21","11:54:47","11:54:48","00:00:01","+03:00","false",
"Programming","Competitive programming ","2026-05-21","11:54:49","11:58:40","00:03:51","+03:00","false","false"
"Programming","RAFT","2026-05-21","12:51:43","13:37:41","00:45:58","+03:00","false","false"
"Programming","RAFT","2026-05-21","17:10:47","17:49:44","00:38:57","+03:00","false","false"
"Programming","RAFT","2026-05-21","18:13:57","19:17:09","01:03:12","+03:00","false","false"
"Programming","Competitive programming ","2026-05-21","19:17:12","20:36:46","01:19:34","+03:00","false","false"
"Work","STEFANI-158","2026-05-22","08:29:28","09:46:10","01:16:42","+03:00","false","false"
"Work","Meeting","2026-05-22","10:03:18","10:33:08","00:29:50","+03:00","false","false"
"Programming","Competitive programming ","2026-05-22","12:10:17","12:33:33","00:23:16","+03:00","false","false"
"Programming","CUDA","2026-05-22","12:42:38","13:09:53","00:27:15","+03:00","false","false"
"Programming","CUDA","2026-05-22","13:25:27","14:19:19","00:53:52","+03:00","false","false"
"Programming","CUDA","2026-05-22","15:19:17","16:03:10","00:43:53","+03:00","false","false"
"Programming","CUDA","2026-05-22","16:55:35","18:03:26","01:07:51","+03:00","false","false"
"Programming","CUDA","2026-05-22","19:52:35","19:54:54","00:02:19","+03:00","false","false"
"Programming","Competitive programming ","2026-05-22","19:54:54","20:20:22","00:25:28","+03:00","false","false"
"Programming","Competitive programming ","2026-05-22","20:28:37","20:48:46","00:20:09","+03:00","false","false"
"Programming","Competitive programming ","2026-05-22","20:46:27","20:56:35","00:10:08","+03:00","false","false"
"Programming",,"2026-05-23","11:35:45","13:17:05","01:41:20","+03:00","false",
"Programming",,"2026-05-23","13:51:03","16:07:43","02:16:40","+03:00","false",
"Programming",,"2026-05-23","16:22:12","16:37:51","00:15:39","+03:00","false",
"Programming",,"2026-05-23","17:02:40","17:24:52","00:22:12","+03:00","false",
"Programming","Competitive programming ","2026-05-23","17:29:56","18:46:04","01:16:08","+03:00","false","false"
"Programming",,"2026-05-23","18:54:53","19:28:43","00:33:50","+03:00","false",
